Workbook

Sheet Summary
A1: Personal Evolution Intelligence
A2: Exported on 16/10/2026 at 10:20, period from 19/07/2026 to 16/10/2026
A4: Key indicators
A5: Days in the period | B5: =COUNTA(Daily!$A$2:$A$91) -> 90
A6: Days filled in | B6: =COUNTIFS(Daily!$C$2:$C$91,"Yes") -> 82
A7: Consistency | B7: =IFERROR(B6/B5,0) -> 0.91111111
A8: Intentions set | B8: =COUNTA(Intentions!$A$2:$A$365) -> 364
A9: Intentions reviewed | B9: =COUNTIFS(Intentions!$H$2:$H$365,"<>Planned",Intentions!$A$2:$A$365,"<>") -> 353
A10: Intentions done (fully or partly) | B10: =COUNTIFS(Intentions!$H$2:$H$365,"Done")+COUNTIFS(Intentions!$H$2:$H$365,"Partial") -> 168
A11: Completion rate | B11: =IFERROR(SUM(Intentions!$K$2:$K$365)/B9,"") -> 0.44617564 | C11: Done = 1, Partial = 0.5, other statuses = 0
A12: Total tracked time (hours) | B12: =SUM(Activities!$F$2:$F$190)/60 -> 164.63333
A13: Average tracked time per filled in day (minutes) | B13: =IFERROR(SUM(Activities!$F$2:$F$190)/B6,"") -> 120.46341
A14: Average gap between planned and actual time (minutes) | B14: =IFERROR(AVERAGE(Intentions!$J$2:$J$365),"") -> 5.0178571
A15: Average sleep (hours) | B15: =IFERROR(AVERAGE(Daily!$Q$2:$Q$91),"") -> 6.9536585
A16: Average energy (out of 5) | B16: =IFERROR(AVERAGE(Daily!$S$2:$S$91),"") -> 3.0365854
A17: Average mood (out of 5) | B17: =IFERROR(AVERAGE(Daily!$U$2:$U$91),"") -> 3.2195122
A18: Written reflections | B18: =COUNTA(Reflections!$D$2:$D$70) -> 69
A19: Most hours in one week | B19: =MAX(Weekly!$I$2:$I$15) -> 20.733333
A20: Days filled in the same day | B20: =COUNTIFS(Daily!$AA$2:$AA$91,"Filled in the same day") -> 72
A21: Days caught up later | B21: =COUNTIFS(Daily!$AA$2:$AA$91,"Caught up later") -> 9
A22: Days forgotten (deadline passed) | B22: =COUNTIFS(Daily!$AA$2:$AA$91,"Forgotten (locked)") -> 7
A23: Same day forgetting rate | B23: =IFERROR((B21+B22)/(B20+B21+B22),"") -> 0.18181818
A24: Average catch up delay (days) | B24: =IFERROR(AVERAGEIFS(Daily!$AB$2:$AB$91,Daily!$AA$2:$AA$91,"Caught up later"),"") -> 2.2222222
A27: By life dimension
A28: Dimension | B28: Hours | C28: Intentions | D28: Completion rate | E28: Share of time
A29: Spiritual | B29: =SUMIFS(Activities!$F$2:$F$190,Activities!$C$2:$C$190,$A29)/60 -> 12.866667 | C29: =COUNTIFS(Intentions!$C$2:$C$365,$A29) -> 60 | D29: =IFERROR(SUMIFS(Intentions!$K$2:$K$365,Intentions!$C$2:$C$365,$A29)/COUNTIFS(Intentions!$C$2:$C$365,$A29,Intentions!$H$2:$H$365,"<>Planned"),"") -> 0.69491525 | E29: =IFERROR(B29/$B$12,"") -> 0.078153472
A30: Physical | B30: =SUMIFS(Activities!$F$2:$F$190,Activities!$C$2:$C$190,$A30)/60 -> 11.033333 | C30: =COUNTIFS(Intentions!$C$2:$C$365,$A30) -> 53 | D30: =IFERROR(SUMIFS(Intentions!$K$2:$K$365,Intentions!$C$2:$C$365,$A30)/COUNTIFS(Intentions!$C$2:$C$365,$A30,Intentions!$H$2:$H$365,"<>Planned"),"") -> 0.38235294 | E30: =IFERROR(B30/$B$12,"") -> 0.067017615
A31: Studies | B31: =SUMIFS(Activities!$F$2:$F$190,Activities!$C$2:$C$190,$A31)/60 -> 84.55 | C31: =COUNTIFS(Intentions!$C$2:$C$365,$A31) -> 138 | D31: =IFERROR(SUMIFS(Intentions!$K$2:$K$365,Intentions!$C$2:$C$365,$A31)/COUNTIFS(Intentions!$C$2:$C$365,$A31,Intentions!$H$2:$H$365,"<>Planned"),"") -> 0.41111111 | E31: =IFERROR(B31/$B$12,"") -> 0.5135655
A32: Professional | B32: =SUMIFS(Activities!$F$2:$F$190,Activities!$C$2:$C$190,$A32)/60 -> 11.483333 | C32: =COUNTIFS(Intentions!$C$2:$C$365,$A32) -> 44 | D32: =IFERROR(SUMIFS(Intentions!$K$2:$K$365,Intentions!$C$2:$C$365,$A32)/COUNTIFS(Intentions!$C$2:$C$365,$A32,Intentions!$H$2:$H$365,"<>Planned"),"") -> 0.23255814 | E32: =IFERROR(B32/$B$12,"") -> 0.069750962
A33: Personal | B33: =SUMIFS(Activities!$F$2:$F$190,Activities!$C$2:$C$190,$A33)/60 -> 5.3666667 | C33: =COUNTIFS(Intentions!$C$2:$C$365,$A33) -> 26 | D33: =IFERROR(SUMIFS(Intentions!$K$2:$K$365,Intentions!$C$2:$C$365,$A33)/COUNTIFS(Intentions!$C$2:$C$365,$A33,Intentions!$H$2:$H$365,"<>Planned"),"") -> 0.52083333 | E33: =IFERROR(B33/$B$12,"") -> 0.032597692
A34: Relationships | B34: =SUMIFS(Activities!$F$2:$F$190,Activities!$C$2:$C$190,$A34)/60 -> 5.6 | C34: =COUNTIFS(Intentions!$C$2:$C$365,$A34) -> 25 | D34: =IFERROR(SUMIFS(Intentions!$K$2:$K$365,Intentions!$C$2:$C$365,$A34)/COUNTIFS(Intentions!$C$2:$C$365,$A34,Intentions!$H$2:$H$365,"<>Planned"),"") -> 0.63043478 | E34: =IFERROR(B34/$B$12,"") -> 0.034014983
A35: Leisure and creativity | B35: =SUMIFS(Activities!$F$2:$F$190,Activities!$C$2:$C$190,$A35)/60 -> 33.733333 | C35: =COUNTIFS(Intentions!$C$2:$C$365,$A35) -> 18 | D35: =IFERROR(SUMIFS(Intentions!$K$2:$K$365,Intentions!$C$2:$C$365,$A35)/COUNTIFS(Intentions!$C$2:$C$365,$A35,Intentions!$H$2:$H$365,"<>Planned"),"") -> 0.25 | E35: =IFERROR(B35/$B$12,"") -> 0.20489978
A38: Workbook contents
A39: Daily | B39: One row per day: reported indicators and totals computed by formulas.
A40: Weekly, Monthly | B40: Weekly and monthly aggregates (formulas).
A41: Intentions, Activities, Reflections | B41: Raw data for the period. Editable: the indicators recalculate.
A42: Calibration, Dropped | B42: Planned versus actual time, goals not done and reasons (formulas).
A43: Goals, Skills, Assessments | B43: Progress of goals and skills.
A44: Analyses | B44: Trends, associations, unusual days, recommendations (values computed by PEI).
A45: Decisions, Experiments, Relationships, Media | B45: Log of decisions, experiments, relationships and files.

Sheet Daily
A1: Date | B1: Day | C1: Filled in | D1: Intentions | E1: Reviewed | F1: Done | G1: Completion rate | H1: Planned time (min) | I1: Actual time (min) | J1: Spiritual (min) | K1: Physical (min) | L1: Studies (min) | M1: Professional (min) | N1: Personal (min) | O1: Relationships (min) | P1: Leisure and creativity (min) | Q1: Sleep (h) | R1: Sleep quality | S1: Energy | T1: Motivation | U1: Mood | V1: Stress | W1: Screen (min) | X1: Steps | Y1: Water (l) | Z1: Reflections | AA1: Entries | AB1: Entry delay (days) | AC1: Highlight
A2: 46222 | B2: =INDEX({"Monday","Tuesday","Wednesday","Thursday","Friday","Saturday","Sunday"},WEEKDAY($A2,2)) -> Sunday | C2: Yes | D2: =COUNTIFS(Intentions!$B$2:$B$365,$A2) -> 2 | E2: =COUNTIFS(Intentions!$B$2:$B$365,$A2,Intentions!$H$2:$H$365,"<>Planned") -> 2 | F2: =COUNTIFS(Intentions!$B$2:$B$365,$A2,Intentions!$H$2:$H$365,"Done")+COUNTIFS(Intentions!$B$2:$B$365,$A2,Intentions!$H$2:$H$365,"Partial") -> 2 | G2: =IF(E2=0,"",SUMIFS(Intentions!$K$2:$K$365,Intentions!$B$2:$B$365,$A2)/E2) -> 1 | H2: =SUMIFS(Intentions!$G$2:$G$365,Intentions!$B$2:$B$365,$A2) -> 75 | I2: =SUMIFS(Activities!$F$2:$F$190,Activities!$B$2:$B$190,$A2) -> 217 | J2: =SUMIFS(Activities!$F$2:$F$190,Activities!$B$2:$B$190,$A2,Activities!$C$2:$C$190,"Spiritual") -> 21 | K2: =SUMIFS(Activities!$F$2:$F$190,Activities!$B$2:$B$190,$A2,Activities!$C$2:$C$190,"Physical") -> 0 | L2: =SUMIFS(Activities!$F$2:$F$190,Activities!$B$2:$B$190,$A2,Activities!$C$2:$C$190,"Studies") -> 106 | M2: =SUMIFS(Activities!$F$2:$F$190,Activities!$B$2:$B$190,$A2,Activities!$C$2:$C$190,"Professional") -> 0 | N2: =SUMIFS(Activities!$F$2:$F$190,Activities!$B$2:$B$190,$A2,Activities!$C$2:$C$190,"Personal") -> 0 | O2: =SUMIFS(Activities!$F$2:$F$190,Activities!$B$2:$B$190,$A2,Activities!$C$2:$C$190,"Relationships") -> 0 | P2: =SUMIFS(Activities!$F$2:$F$190,Activities!$B$2:$B$190,$A2,Activities!$C$2:$C$190,"Leisure and creativity") -> 90 | Q2: 7.8 | S2: 4 | T2: 4 | U2: 5 | V2: 4 | W2: 153 | X2: 1773 | Y2: 2.2 | Z2: =COUNTIFS(Reflections!$A$2:$A$70,$A2) -> 1 | AA2: Caught up later | AB2: 3
A3: 46223 | B3: =INDEX({"Monday","Tuesday","Wednesday","Thursday","Friday","Saturday","Sunday"},WEEKDAY($A3,2)) -> Monday | C3: Yes | D3: =COUNTIFS(Intentions!$B$2:$B$365,$A3) -> 2 | E3: =COUNTIFS(Intentions!$B$2:$B$365,$A3,Intentions!$H$2:$H$365,"<>Planned") -> 2 | F3: =COUNTIFS(Intentions!$B$2:$B$365,$A3,Intentions!$H$2:$H$365,"Done")+COUNTIFS(Intentions!$B$2:$B$365,$A3,Intentions!$H$2:$H$365,"Partial") -> 1 | G3: =IF(E3=0,"",SUMIFS(Intentions!$K$2:$K$365,Intentions!$B$2:$B$365,$A3)/E3) -> 0.5 | H3: =SUMIFS(Intentions!$G$2:$G$365,Intentions!$B$2:$B$365,$A3) -> 60 | I3: =SUMIFS(Activities!$F$2:$F$190,Activities!$B$2:$B$190,$A3) -> 41 | J3: =SUMIFS(Activities!$F$2:$F$190,Activities!$B$2:$B$190,$A3,Activities!$C$2:$C$190,"Spiritual") -> 0 | K3: =SUMIFS(Activities!$F$2:$F$190,Activities!$B$2:$B$190,$A3,Activities!$C$2:$C$190,"Physical") -> 41 | L3: =SUMIFS(Activities!$F$2:$F$190,Activities!$B$2:$B$190,$A3,Activities!$C$2:$C$190,"Studies") -> 0 | M3: =SUMIFS(Activities!$F$2:$F$190,Activities!$B$2:$B$190,$A3,Activities!$C$2:$C$190,"Professional") -> 0 | N3: =SUMIFS(Activities!$F$2:$F$190,Activities!$B$2:$B$190,$A3,Activities!$C$2:$C$190,"Personal") -> 0 | O3: =SUMIFS(Activities!$F$2:$F$190,Activities!$B$2:$B$190,$A3,Activities!$C$2:$C$190,"Relationships") -> 0 | P3: =SUMIFS(Activities!$F$2:$F$190,Activities!$B$2:$B$190,$A3,Activities!$C$2:$C$190,"Leisure and creativity") -> 0 | Q3: 8 | S3: 4 | T3: 3 | U3: 3 | V3: 2 | W3: 122 | X3: 3129 | Y3: 1.2 | Z3: =COUNTIFS(Reflections!$A$2:$A$70,$A3) -> 2 | AA3: Filled in the same day | AB3: 0
A4: 46224 | B4: =INDEX({"Monday","Tuesday","Wednesday","Thursday","Friday","Saturday","Sunday"},WEEKDAY($A4,2)) -> Tuesday | C4: Yes | D4: =COUNTIFS(Intentions!$B$2:$B$365,$A4) -> 4 | E4: =COUNTIFS(Intentions!$B$2:$B$365,$A4,Intentions!$H$2:$H$365,"<>Planned") -> 4 | F4: =COUNTIFS(Intentions!$B$2:$B$365,$A4,Intentions!$H$2:$H$365,"Done")+COUNTIFS(Intentions!$B$2:$B$365,$A4,Intentions!$H$2:$H$365,"Partial") -> 4 | G4: =IF(E4=0,"",SUMIFS(Intentions!$K$2:$K$365,Intentions!$B$2:$B$365,$A4)/E4) -> 1 | H4: =SUMIFS(Intentions!$G$2:$G$365,Intentions!$B$2:$B$365,$A4) -> 245 | I4: =SUMIFS(Activities!$F$2:$F$190,Activities!$B$2:$B$190,$A4) -> 284 | J4: =SUMIFS(Activities!$F$2:$F$190,Activities!$B$2:$B$190,$A4,Activities!$C$2:$C$190,"Spiritual") -> 16 | K4: =SUMIFS(Activities!$F$2:$F$190,Activities!$B$2:$B$190,$A4,Activities!$C$2:$C$190,"Physical") -> 0 | L4: =SUMIFS(Activities!$F$2:$F$190,Activities!$B$2:$B$190,$A4,Activities!$C$2:$C$190,"Studies") -> 268 | M4: =SUMIFS(Activities!$F$2:$F$190,Activities!$B$2:$B$190,$A4,Activities!$C$2:$C$190,"Professional") -> 0 | N4: =SUMIFS(Activities!$F$2:$F$190,Activities!$B$2:$B$190,$A4,Activities!$C$2:$C$190,"Personal") -> 0 | O4: =SUMIFS(Activities!$F$2:$F$190,Activities!$B$2:$B$190,$A4,Activities!$C$2:$C$190,"Relationships") -> 0 | P4: =SUMIFS(Activities!$F$2:$F$190,Activities!$B$2:$B$190,$A4,Activities!$C$2:$C$190,"Leisure and creativity") -> 0 | Q4: 7.5 | S4: 4 | T4: 5 | U4: 3 | V4: 3 | W4: 124 | X4: 5169 | Y4: 2.2 | Z4: =COUNTIFS(Reflections!$A$2:$A$70,$A4) -> 1 | AA4: Filled in the same day | AB4: 0
A5: 46225 | B5: =INDEX({"Monday","Tuesday","Wednesday","Thursday","Friday","Saturday","Sunday"},WEEKDAY($A5,2)) -> Wednesday | C5: Yes | D5: =COUNTIFS(Intentions!$B$2:$B$365,$A5) -> 4 | E5: =COUNTIFS(Intentions!$B$2:$B$365,$A5,Intentions!$H$2:$H$365,"<>Planned") -> 4 | F5: =COUNTIFS(Intentions!$B$2:$B$365,$A5,Intentions!$H$2:$H$365,"Done")+COUNTIFS(Intentions!$B$2:$B$365,$A5,Intentions!$H$2:$H$365,"Partial") -> 2 | G5: =IF(E5=0,"",SUMIFS(Intentions!$K$2:$K$365,Intentions!$B$2:$B$365,$A5)/E5) -> 0.25 | H5: =SUMIFS(Intentions!$G$2:$G$365,Intentions!$B$2:$B$365,$A5) -> 185 | I5: =SUMIFS(Activities!$F$2:$F$190,Activities!$B$2:$B$190,$A5) -> 54 | J5: =SUMIFS(Activities!$F$2:$F$190,Activities!$B$2:$B$190,$A5,Activities!$C$2:$C$190,"Spiritual") -> 0 | K5: =SUMIFS(Activities!$F$2:$F$190,Activities!$B$2:$B$190,$A5,Activities!$C$2:$C$190,"Physical") -> 0 | L5: =SUMIFS(Activities!$F$2:$F$190,Activities!$B$2:$B$190,$A5,Activities!$C$2:$C$190,"Studies") -> 0 | M5: =SUMIFS(Activities!$F$2:$F$190,Activities!$B$2:$B$190,$A5,Activities!$C$2:$C$190,"Professional") -> 37 | N5: =SUMIFS(Activities!$F$2:$F$190,Activities!$B$2:$B$190,$A5,Activities!$C$2:$C$190,"Personal") -> 0 | O5: =SUMIFS(Activities!$F$2:$F$190,Activities!$B$2:$B$190,$A5,Activities!$C$2:$C$190,"Relationships") -> 17 | P5: =SUMIFS(Activities!$F$2:$F$190,Activities!$B$2:$B$190,$A5,Activities!$C$2:$C$190,"Leisure and creativity") -> 0 | Q5: 7 | S5: 3 | T5: 3 | U5: 3 | V5: 1 | W5: 310 | X5: 5755 | Y5: 1.6 | Z5: =COUNTIFS(Reflections!$A$2:$A$70,$A5) -> 0 | AA5: Filled in the same day | AB5: 0
A6: 46226 | B6: =INDEX({"Monday","Tuesday","Wednesday","Thursday","Friday","Saturday","Sunday"},WEEKDAY($A6,2)) -> Thursday | C6: Yes | D6: =COUNTIFS(Intentions!$B$2:$B$365,$A6) -> 6 | E6: =COUNTIFS(Intentions!$B$2:$B$365,$A6,Intentions!$H$2:$H$365,"<>Planned") -> 6 | F6: =COUNTIFS(Intentions!$B$2:$B$365,$A6,Intentions!$H$2:$H$365,"Done")+COUNTIFS(Intentions!$B$2:$B$365,$A6,Intentions!$H$2:$H$365,"Partial") -> 2 | G6: =IF(E6=0,"",SUMIFS(Intentions!$K$2:$K$365,Intentions!$B$2:$B$365,$A6)/E6) -> 0.33333333 | H6: =SUMIFS(Intentions!$G$2:$G$365,Intentions!$B$2:$B$365,$A6) -> 195 | I6: =SUMIFS(Activities!$F$2:$F$190,Activities!$B$2:$B$190,$A6) -> 127 | J6: =SUMIFS(Activities!$F$2:$F$190,Activities!$B$2:$B$190,$A6,Activities!$C$2:$C$190,"Spiritual") -> 37 | K6: =SUMIFS(Activities!$F$2:$F$190,Activities!$B$2:$B$190,$A6,Activities!$C$2:$C$190,"Physical") -> 0 | L6: =SUMIFS(Activities!$F$2:$F$190,Activities!$B$2:$B$190,$A6,Activities!$C$2:$C$190,"Studies") -> 0 | M6: =SUMIFS(Activities!$F$2:$F$190,Activities!$B$2:$B$190,$A6,Activities!$C$2:$C$190,"Professional") -> 0 | N6: =SUMIFS(Activities!$F$2:$F$190,Activities!$B$2:$B$190,$A6,Activities!$C$2:$C$190,"Personal") -> 0 | O6: =SUMIFS(Activities!$F$2:$F$190,Activities!$B$2:$B$190,$A6,Activities!$C$2:$C$190,"Relationships") -> 0 | P6: =SUMIFS(Activities!$F$2:$F$190,Activities!$B$2:$B$190,$A6,Activities!$C$2:$C$190,"Leisure and creativity") -> 90 | Q6: 8.5 | S6: 4 | T6: 4 | U6: 4 | V6: 1 | W6: 137 | X6: 8712 | Y6: 1.2 | Z6: =COUNTIFS(Reflections!$A$2:$A$70,$A6) -> 2 | AA6: Filled in the same day | AB6: 0
A7: 46227 | B7: =INDEX({"Monday","Tuesday","Wednesday","Thursday","Friday","Saturday","Sunday"},WEEKDAY($A7,2)) -> Friday | C7: Yes | D7: =COUNTIFS(Intentions!$B$2:$B$365,$A7) -> 7 | E7: =COUNTIFS(Intentions!$B$2:$B$365,$A7,Intentions!$H$2:$H$365,"<>Planned") -> 7 | F7: =COUNTIFS(Intentions!$B$2:$B$365,$A7,Intentions!$H$2:$H$365,"Done")+COUNTIFS(Intentions!$B$2:$B$365,$A7,Intentions!$H$2:$H$365,"Partial") -> 4 | G7: =IF(E7=0,"",SUMIFS(Intentions!$K$2:$K$365,Intentions!$B$2:$B$365,$A7)/E7) -> 0.57142857 | H7: =SUMIFS(Intentions!$G$2:$G$365,Intentions!$B$2:$B$365,$A7) -> 270 | I7: =SUMIFS(Activities!$F$2:$F$190,Activities!$B$2:$B$190,$A7) -> 236 | J7: =SUMIFS(Activities!$F$2:$F$190,Activities!$B$2:$B$190,$A7,Activities!$C$2:$C$190,"Spiritual") -> 0 | K7: =SUMIFS(Activities!$F$2:$F$190,Activities!$B$2:$B$190,$A7,Activities!$C$2:$C$190,"Physical") -> 77 | L7: =SUMIFS(Activities!$F$2:$F$190,Activities!$B$2:$B$190,$A7,Activities!$C$2:$C$190,"Studies") -> 99 | M7: =SUMIFS(Activities!$F$2:$F$190,Activities!$B$2:$B$190,$A7,Activities!$C$2:$C$190,"Professional") -> 0 | N7: =SUMIFS(Activities!$F$2:$F$190,Activities!$B$2:$B$190,$A7,Activities!$C$2:$C$190,"Personal") -> 0 | O7: =SUMIFS(Activities!$F$2:$F$190,Activities!$B$2:$B$190,$A7,Activities!$C$2:$C$190,"Relationships") -> 0 | P7: =SUMIFS(Activities!$F$2:$F$190,Activities!$B$2:$B$190,$A7,Activities!$C$2:$C$190,"Leisure and creativity") -> 60 | Q7: 6.3 | S7: 3 | T7: 3 | U7: 3 | V7: 5 | W7: 98 | X7: 8238 | Y7: 1.7 | Z7: =COUNTIFS(Reflections!$A$2:$A$70,$A7) -> 0 | AA7: Filled in the same day | AB7: 0
A8: 46228 | B8: =INDEX({"Monday","Tuesday","Wednesday","Thursday","Friday","Saturday","Sunday"},WEEKDAY($A8,2)) -> Saturday | C8: Yes | D8: =COUNTIFS(Intentions!$B$2:$B$365,$A8) -> 6 | E8: =COUNTIFS(Intentions!$B$2:$B$365,$A8,Intentions!$H$2:$H$365,"<>Planned") -> 6 | F8: =COUNTIFS(Intentions!$B$2:$B$365,$A8,Intentions!$H$2:$H$365,"Done")+COUNTIFS(Intentions!$B$2:$B$365,$A8,Intentions!$H$2:$H$365,"Partial") -> 4 | G8: =IF(E8=0,"",SUMIFS(Intentions!$K$2:$K$365,Intentions!$B$2:$B$365,$A8)/E8) -> 0.58333333 | H8: =SUMIFS(Intentions!$G$2:$G$365,Intentions!$B$2:$B$365,$A8) -> 230 | I8: =SUMIFS(Activities!$F$2:$F$190,Activities!$B$2:$B$190,$A8) -> 173 | J8: =SUMIFS(Activities!$F$2:$F$190,Activities!$B$2:$B$190,$A8,Activities!$C$2:$C$190,"Spiritual") -> 0 | K8: =SUMIFS(Activities!$F$2:$F$190,Activities!$B$2:$B$190,$A8,Activities!$C$2:$C$190,"Physical") -> 0 | L8: =SUMIFS(Activities!$F$2:$F$190,Activities!$B$2:$B$190,$A8,Activities!$C$2:$C$190,"Studies") -> 43 | M8: =SUMIFS(Activities!$F$2:$F$190,Activities!$B$2:$B$190,$A8,Activities!$C$2:$C$190,"Professional") -> 71 | N8: =SUMIFS(Activities!$F$2:$F$190,Activities!$B$2:$B$190,$A8,Activities!$C$2:$C$190,"Personal") -> 39 | O8: =SUMIFS(Activities!$F$2:$F$190,Activities!$B$2:$B$190,$A8,Activities!$C$2:$C$190,"Relationships") -> 20 | P8: =SUMIFS(Activities!$F$2:$F$190,Activities!$B$2:$B$190,$A8,Activities!$C$2:$C$190,"Leisure and creativity") -> 0 | Q8: 6.8 | S8: 2 | T8: 1 | U8: 3 | V8: 4 | W8: 193 | X8: 8572 | Y8: 1.8 | Z8: =COUNTIFS(Reflections!$A$2:$A$70,$A8) -> 2 | AA8: Caught up later | AB8: 4
A9: 46229 | B9: =INDEX({"Monday","Tuesday","Wednesday","Thursday","Friday","Saturday","Sunday"},WEEKDAY($A9,2)) -> Sunday | C9: No | D9: =COUNTIFS(Intentions!$B$2:$B$365,$A9) -> 0 | E9: =COUNTIFS(Intentions!$B$2:$B$365,$A9,Intentions!$H$2:$H$365,"<>Planned") -> 0 | F9: =COUNTIFS(Intentions!$B$2:$B$365,$A9,Intentions!$H$2:$H$365,"Done")+COUNTIFS(Intentions!$B$2:$B$365,$A9,Intentions!$H$2:$H$365,"Partial") -> 0 | G9: =IF(E9=0,"",SUMIFS(Intentions!$K$2:$K$365,Intentions!$B$2:$B$365,$A9)/E9) | H9: =SUMIFS(Intentions!$G$2:$G$365,Intentions!$B$2:$B$365,$A9) -> 0 | I9: =SUMIFS(Activities!$F$2:$F$190,Activities!$B$2:$B$190,$A9) -> 0 | J9: =SUMIFS(Activities!$F$2:$F$190,Activities!$B$2:$B$190,$A9,Activities!$C$2:$C$190,"Spiritual") -> 0 | K9: =SUMIFS(Activities!$F$2:$F$190,Activities!$B$2:$B$190,$A9,Activities!$C$2:$C$190,"Physical") -> 0 | L9: =SUMIFS(Activities!$F$2:$F$190,Activities!$B$2:$B$190,$A9,Activities!$C$2:$C$190,"Studies") -> 0 | M9: =SUMIFS(Activities!$F$2:$F$190,Activities!$B$2:$B$190,$A9,Activities!$C$2:$C$190,"Professional") -> 0 | N9: =SUMIFS(Activities!$F$2:$F$190,Activities!$B$2:$B$190,$A9,Activities!$C$2:$C$190,"Personal") -> 0 | O9: =SUMIFS(Activities!$F$2:$F$190,Activities!$B$2:$B$190,$A9,Activities!$C$2:$C$190,"Relationships") -> 0 | P9: =SUMIFS(Activities!$F$2:$F$190,Activities!$B$2:$B$190,$A9,Activities!$C$2:$C$190,"Leisure and creativity") -> 0 | Z9: =COUNTIFS(Reflections!$A$2:$A$70,$A9) -> 0 | AA9: Forgotten (locked)
A10: 46230 | B10: =INDEX({"Monday","Tuesday","Wednesday","Thursday","Friday","Saturday","Sunday"},WEEKDAY($A10,2)) -> Monday | C10: Yes | D10: =COUNTIFS(Intentions!$B$2:$B$365,$A10) -> 2 | E10: =COUNTIFS(Intentions!$B$2:$B$365,$A10,Intentions!$H$2:$H$365,"<>Planned") -> 2 | F10: =COUNTIFS(Intentions!$B$2:$B$365,$A10,Intentions!$H$2:$H$365,"Done")+COUNTIFS(Intentions!$B$2:$B$365,$A10,Intentions!$H$2:$H$365,"Partial") -> 0 | G10: =IF(E10=0,"",SUMIFS(Intentions!$K$2:$K$365,Intentions!$B$2:$B$365,$A10)/E10) -> 0 | H10: =SUMIFS(Intentions!$G$2:$G$365,Intentions!$B$2:$B$365,$A10) -> 100 | I10: =SUMIFS(Activities!$F$2:$F$190,Activities!$B$2:$B$190,$A10) -> 0 | J10: =SUMIFS(Activities!$F$2:$F$190,Activities!$B$2:$B$190,$A10,Activities!$C$2:$C$190,"Spiritual") -> 0 | K10: =SUMIFS(Activities!$F$2:$F$190,Activities!$B$2:$B$190,$A10,Activities!$C$2:$C$190,"Physical") -> 0 | L10: =SUMIFS(Activities!$F$2:$F$190,Activities!$B$2:$B$190,$A10,Activities!$C$2:$C$190,"Studies") -> 0 | M10: =SUMIFS(Activities!$F$2:$F$190,Activities!$B$2:$B$190,$A10,Activities!$C$2:$C$190,"Professional") -> 0 | N10: =SUMIFS(Activities!$F$2:$F$190,Activities!$B$2:$B$190,$A10,Activities!$C$2:$C$190,"Personal") -> 0 | O10: =SUMIFS(Activities!$F$2:$F$190,Activities!$B$2:$B$190,$A10,Activities!$C$2:$C$190,"Relationships") -> 0 | P10: =SUMIFS(Activities!$F$2:$F$190,Activities!$B$2:$B$190,$A10,Activities!$C$2:$C$190,"Leisure and creativity") -> 0 | Q10: 8 | S10: 3 | T10: 4 | U10: 3 | V10: 2 | W10: 228 | X10: 7546 | Y10: 1.5 | Z10: =COUNTIFS(Reflections!$A$2:$A$70,$A10) -> 1 | AA10: Filled in the same day | AB10: 0
A11: 46231 | B11: =INDEX({"Monday","Tuesday","Wednesday","Thursday","Friday","Saturday","Sunday"},WEEKDAY($A11,2)) -> Tuesday | C11: Yes | D11: =COUNTIFS(Intentions!$B$2:$B$365,$A11) -> 2 | E11: =COUNTIFS(Intentions!$B$2:$B$365,$A11,Intentions!$H$2:$H$365,"<>Planned") -> 2 | F11: =COUNTIFS(Intentions!$B$2:$B$365,$A11,Intentions!$H$2:$H$365,"Done")+COUNTIFS(Intentions!$B$2:$B$365,$A11,Intentions!$H$2:$H$365,"Partial") -> 2 | G11: =IF(E11=0,"",SUMIFS(Intentions!$K$2:$K$365,Intentions!$B$2:$B$365,$A11)/E11) -> 1 | H11: =SUMIFS(Intentions!$G$2:$G$365,Intentions!$B$2:$B$365,$A11) -> 120 | I11: =SUMIFS(Activities!$F$2:$F$190,Activities!$B$2:$B$190,$A11) -> 214 | J11: =SUMIFS(Activities!$F$2:$F$190,Activities!$B$2:$B$190,$A11,Activities!$C$2:$C$190,"Spiritual") -> 0 | K11: =SUMIFS(Activities!$F$2:$F$190,Activities!$B$2:$B$190,$A11,Activities!$C$2:$C$190,"Physical") -> 0 | L11: =SUMIFS(Activities!$F$2:$F$190,Activities!$B$2:$B$190,$A11,Activities!$C$2:$C$190,"Studies") -> 124 | M11: =SUMIFS(Activities!$F$2:$F$190,Activities!$B$2:$B$190,$A11,Activities!$C$2:$C$190,"Professional") -> 0 | N11: =SUMIFS(Activities!$F$2:$F$190,Activities!$B$2:$B$190,$A11,Activities!$C$2:$C$190,"Personal") -> 0 | O11: =SUMIFS(Activities!$F$2:$F$190,Activities!$B$2:$B$190,$A11,Activities!$C$2:$C$190,"Relationships") -> 0 | P11: =SUMIFS(Activities!$F$2:$F$190,Activities!$B$2:$B$190,$A11,Activities!$C$2:$C$190,"Leisure and creativity") -> 90 | Q11: 5.9 | S11: 4 | T11: 5 | U11: 4 | V11: 1 | W11: 227 | X11: 4672 | Y11: 1.8 | Z11: =COUNTIFS(Reflections!$A$2:$A$70,$A11) -> 2 | AA11: Filled in the same day | AB11: 0 | AC11: Réussite de l'examen de statistiques.
A12: 46232 | B12: =INDEX({"Monday","Tuesday","Wednesday","Thursday","Friday","Saturday","Sunday"},WEEKDAY($A12,2)) -> Wednesday | C12: Yes | D12: =COUNTIFS(Intentions!$B$2:$B$365,$A12) -> 7 | E12: =COUNTIFS(Intentions!$B$2:$B$365,$A12,Intentions!$H$2:$H$365,"<>Planned") -> 7 | F12: =COUNTIFS(Intentions!$B$2:$B$365,$A12,Intentions!$H$2:$H$365,"Done")+COUNTIFS(Intentions!$B$2:$B$365,$A12,Intentions!$H$2:$H$365,"Partial") -> 0 | G12: =IF(E12=0,"",SUMIFS(Intentions!$K$2:$K$365,Intentions!$B$2:$B$365,$A12)/E12) -> 0 | H12: =SUMIFS(Intentions!$G$2:$G$365,Intentions!$B$2:$B$365,$A12) -> 245 | I12: =SUMIFS(Activities!$F$2:$F$190,Activities!$B$2:$B$190,$A12) -> 0 | J12: =SUMIFS(Activities!$F$2:$F$190,Activities!$B$2:$B$190,$A12,Activities!$C$2:$C$190,"Spiritual") -> 0 | K12: =SUMIFS(Activities!$F$2:$F$190,Activities!$B$2:$B$190,$A12,Activities!$C$2:$C$190,"Physical") -> 0 | L12: =SUMIFS(Activities!$F$2:$F$190,Activities!$B$2:$B$190,$A12,Activities!$C$2:$C$190,"Studies") -> 0 | M12: =SUMIFS(Activities!$F$2:$F$190,Activities!$B$2:$B$190,$A12,Activities!$C$2:$C$190,"Professional") -> 0 | N12: =SUMIFS(Activities!$F$2:$F$190,Activities!$B$2:$B$190,$A12,Activities!$C$2:$C$190,"Personal") -> 0 | O12: =SUMIFS(Activities!$F$2:$F$190,Activities!$B$2:$B$190,$A12,Activities!$C$2:$C$190,"Relationships") -> 0 | P12: =SUMIFS(Activities!$F$2:$F$190,Activities!$B$2:$B$190,$A12,Activities!$C$2:$C$190,"Leisure and creativity") -> 0 | Q12: 6.1 | S12: 2 | T12: 1 | U12: 2 | V12: 4 | W12: 207 | X12: 10425 | Y12: 2.7 | Z12: =COUNTIFS(Reflections!$A$2:$A$70,$A12) -> 0 | AA12: Filled in the same day | AB12: 0
A13: 46233 | B13: =INDEX({"Monday","Tuesday","Wednesday","Thursday","Friday","Saturday","Sunday"},WEEKDAY($A13,2)) -> Thursday | C13: Yes | D13: =COUNTIFS(Intentions!$B$2:$B$365,$A13) -> 3 | E13: =COUNTIFS(Intentions!$B$2:$B$365,$A13,Intentions!$H$2:$H$365,"<>Planned") -> 3 | F13: =COUNTIFS(Intentions!$B$2:$B$365,$A13,Intentions!$H$2:$H$365,"Done")+COUNTIFS(Intentions!$B$2:$B$365,$A13,Intentions!$H$2:$H$365,"Partial") -> 2 | G13: =IF(E13=0,"",SUMIFS(Intentions!$K$2:$K$365,Intentions!$B$2:$B$365,$A13)/E13) -> 0.5 | H13: =SUMIFS(Intentions!$G$2:$G$365,Intentions!$B$2:$B$365,$A13) -> 165 | I13: =SUMIFS(Activities!$F$2:$F$190,Activities!$B$2:$B$190,$A13) -> 99 | J13: =SUMIFS(Activities!$F$2:$F$190,Activities!$B$2:$B$190,$A13,Activities!$C$2:$C$190,"Spiritual") -> 0 | K13: =SUMIFS(Activities!$F$2:$F$190,Activities!$B$2:$B$190,$A13,Activities!$C$2:$C$190,"Physical") -> 0 | L13: =SUMIFS(Activities!$F$2:$F$190,Activities!$B$2:$B$190,$A13,Activities!$C$2:$C$190,"Studies") -> 99 | M13: =SUMIFS(Activities!$F$2:$F$190,Activities!$B$2:$B$190,$A13,Activities!$C$2:$C$190,"Professional") -> 0 | N13: =SUMIFS(Activities!$F$2:$F$190,Activities!$B$2:$B$190,$A13,Activities!$C$2:$C$190,"Personal") -> 0 | O13: =SUMIFS(Activities!$F$2:$F$190,Activities!$B$2:$B$190,$A13,Activities!$C$2:$C$190,"Relationships") -> 0 | P13: =SUMIFS(Activities!$F$2:$F$190,Activities!$B$2:$B$190,$A13,Activities!$C$2:$C$190,"Leisure and creativity") -> 0 | Q13: 7.7 | S13: 3 | T13: 2 | U13: 3 | V13: 4 | W13: 221 | X13: 7114 | Y13: 2.3 | Z13: =COUNTIFS(Reflections!$A$2:$A$70,$A13) -> 0 | AA13: Caught up later | AB13: 2
A14: 46234 | B14: =INDEX({"Monday","Tuesday","Wednesday","Thursday","Friday","Saturday","Sunday"},WEEKDAY($A14,2)) -> Friday | C14: Yes | D14: =COUNTIFS(Intentions!$B$2:$B$365,$A14) -> 7 | E14: =COUNTIFS(Intentions!$B$2:$B$365,$A14,Intentions!$H$2:$H$365,"<>Planned") -> 0 | F14: =COUNTIFS(Intentions!$B$2:$B$365,$A14,Intentions!$H$2:$H$365,"Done")+COUNTIFS(Intentions!$B$2:$B$365,$A14,Intentions!$H$2:$H$365,"Partial") -> 0 | G14: =IF(E14=0,"",SUMIFS(Intentions!$K$2:$K$365,Intentions!$B$2:$B$365,$A14)/E14) | H14: =SUMIFS(Intentions!$G$2:$G$365,Intentions!$B$2:$B$365,$A14) -> 345 | I14: =SUMIFS(Activities!$F$2:$F$190,Activities!$B$2:$B$190,$A14) -> 0 | J14: =SUMIFS(Activities!$F$2:$F$190,Activities!$B$2:$B$190,$A14,Activities!$C$2:$C$190,"Spiritual") -> 0 | K14: =SUMIFS(Activities!$F$2:$F$190,Activities!$B$2:$B$190,$A14,Activities!$C$2:$C$190,"Physical") -> 0 | L14: =SUMIFS(Activities!$F$2:$F$190,Activities!$B$2:$B$190,$A14,Activities!$C$2:$C$190,"Studies") -> 0 | M14: =SUMIFS(Activities!$F$2:$F$190,Activities!$B$2:$B$190,$A14,Activities!$C$2:$C$190,"Professional") -> 0 | N14: =SUMIFS(Activities!$F$2:$F$190,Activities!$B$2:$B$190,$A14,Activities!$C$2:$C$190,"Personal") -> 0 | O14: =SUMIFS(Activities!$F$2:$F$190,Activities!$B$2:$B$190,$A14,Activities!$C$2:$C$190,"Relationships") -> 0 | P14: =SUMIFS(Activities!$F$2:$F$190,Activities!$B$2:$B$190,$A14,Activities!$C$2:$C$190,"Leisure and creativity") -> 0 | Q14: 7.6 | S14: 3 | T14: 4 | U14: 4 | V14: 2 | W14: 164 | X14: 6806 | Y14: 1.8 | Z14: =COUNTIFS(Reflections!$A$2:$A$70,$A14) -> 0 | AA14: Filled in the same day | AB14: 0
A15: 46235 | B15: =INDEX({"Monday","Tuesday","Wednesday","Thursday","Friday","Saturday","Sunday"},WEEKDAY($A15,2)) -> Saturday | C15: Yes | D15: =COUNTIFS(Intentions!$B$2:$B$365,$A15) -> 6 | E15: =COUNTIFS(Intentions!$B$2:$B$365,$A15,Intentions!$H$2:$H$365,"<>Planned") -> 6 | F15: =COUNTIFS(Intentions!$B$2:$B$365,$A15,Intentions!$H$2:$H$365,"Done")+COUNTIFS(Intentions!$B$2:$B$365,$A15,Intentions!$H$2:$H$365,"Partial") -> 2 | G15: =IF(E15=0,"",SUMIFS(Intentions!$K$2:$K$365,Intentions!$B$2:$B$365,$A15)/E15) -> 0.33333333 | H15: =SUMIFS(Intentions!$G$2:$G$365,Intentions!$B$2:$B$365,$A15) -> 315 | I15: =SUMIFS(Activities!$F$2:$F$190,Activities!$B$2:$B$190,$A15) -> 51 | J15: =SUMIFS(Activities!$F$2:$F$190,Activities!$B$2:$B$190,$A15,Activities!$C$2:$C$190,"Spiritual") -> 17 | K15: =SUMIFS(Activities!$F$2:$F$190,Activities!$B$2:$B$190,$A15,Activities!$C$2:$C$190,"Physical") -> 34 | L15: =SUMIFS(Activities!$F$2:$F$190,Activities!$B$2:$B$190,$A15,Activities!$C$2:$C$190,"Studies") -> 0 | M15: =SUMIFS(Activities!$F$2:$F$190,Activities!$B$2:$B$190,$A15,Activities!$C$2:$C$190,"Professional") -> 0 | N15: =SUMIFS(Activities!$F$2:$F$190,Activities!$B$2:$B$190,$A15,Activities!$C$2:$C$190,"Personal") -> 0 | O15: =SUMIFS(Activities!$F$2:$F$190,Activities!$B$2:$B$190,$A15,Activities!$C$2:$C$190,"Relationships") -> 0 | P15: =SUMIFS(Activities!$F$2:$F$190,Activities!$B$2:$B$190,$A15,Activities!$C$2:$C$190,"Leisure and creativity") -> 0 | Q15: 9.5 | S15: 4 | T15: 2 | U15: 3 | V15: 2 | W15: 135 | X15: 4487 | Y15: 2.2 | Z15: =COUNTIFS(Reflections!$A$2:$A$70,$A15) -> 2 | AA15: Filled in the same day | AB15: 0 | AC15: Culte très édifiant ce dimanche.
A16: 46236 | B16: =INDEX({"Monday","Tuesday","Wednesday","Thursday","Friday","Saturday","Sunday"},WEEKDAY($A16,2)) -> Sunday | C16: No | D16: =COUNTIFS(Intentions!$B$2:$B$365,$A16) -> 0 | E16: =COUNTIFS(Intentions!$B$2:$B$365,$A16,Intentions!$H$2:$H$365,"<>Planned") -> 0 | F16: =COUNTIFS(Intentions!$B$2:$B$365,$A16,Intentions!$H$2:$H$365,"Done")+COUNTIFS(Intentions!$B$2:$B$365,$A16,Intentions!$H$2:$H$365,"Partial") -> 0 | G16: =IF(E16=0,"",SUMIFS(Intentions!$K$2:$K$365,Intentions!$B$2:$B$365,$A16)/E16) | H16: =SUMIFS(Intentions!$G$2:$G$365,Intentions!$B$2:$B$365,$A16) -> 0 | I16: =SUMIFS(Activities!$F$2:$F$190,Activities!$B$2:$B$190,$A16) -> 0 | J16: =SUMIFS(Activities!$F$2:$F$190,Activities!$B$2:$B$190,$A16,Activities!$C$2:$C$190,"Spiritual") -> 0 | K16: =SUMIFS(Activities!$F$2:$F$190,Activities!$B$2:$B$190,$A16,Activities!$C$2:$C$190,"Physical") -> 0 | L16: =SUMIFS(Activities!$F$2:$F$190,Activities!$B$2:$B$190,$A16,Activities!$C$2:$C$190,"Studies") -> 0 | M16: =SUMIFS(Activities!$F$2:$F$190,Activities!$B$2:$B$190,$A16,Activities!$C$2:$C$190,"Professional") -> 0 | N16: =SUMIFS(Activities!$F$2:$F$190,Activities!$B$2:$B$190,$A16,Activities!$C$2:$C$190,"Personal") -> 0 | O16: =SUMIFS(Activities!$F$2:$F$190,Activities!$B$2:$B$190,$A16,Activities!$C$2:$C$190,"Relationships") -> 0 | P16: =SUMIFS(Activities!$F$2:$F$190,Activities!$B$2:$B$190,$A16,Activities!$C$2:$C$190,"Leisure and creativity") -> 0 | Z16: =COUNTIFS(Reflections!$A$2:$A$70,$A16) -> 0 | AA16: Forgotten (locked)
A17: 46237 | B17: =INDEX({"Monday","Tuesday","Wednesday","Thursday","Friday","Saturday","Sunday"},WEEKDAY($A17,2)) -> Monday | C17: Yes | D17: =COUNTIFS(Intentions!$B$2:$B$365,$A17) -> 4 | E17: =COUNTIFS(Intentions!$B$2:$B$365,$A17,Intentions!$H$2:$H$365,"<>Planned") -> 4 | F17: =COUNTIFS(Intentions!$B$2:$B$365,$A17,Intentions!$H$2:$H$365,"Done")+COUNTIFS(Intentions!$B$2:$B$365,$A17,Intentions!$H$2:$H$365,"Partial") -> 2 | G17: =IF(E17=0,"",SUMIFS(Intentions!$K$2:$K$365,Intentions!$B$2:$B$365,$A17)/E17) -> 0.5 | H17: =SUMIFS(Intentions!$G$2:$G$365,Intentions!$B$2:$B$365,$A17) -> 125 | I17: =SUMIFS(Activities!$F$2:$F$190,Activities!$B$2:$B$190,$A17) -> 49 | J17: =SUMIFS(Activities!$F$2:$F$190,Activities!$B$2:$B$190,$A17,Activities!$C$2:$C$190,"Spiritual") -> 24 | K17: =SUMIFS(Activities!$F$2:$F$190,Activities!$B$2:$B$190,$A17,Activities!$C$2:$C$190,"Physical") -> 0 | L17: =SUMIFS(Activities!$F$2:$F$190,Activities!$B$2:$B$190,$A17,Activities!$C$2:$C$190,"Studies") -> 0 | M17: =SUMIFS(Activities!$F$2:$F$190,Activities!$B$2:$B$190,$A17,Activities!$C$2:$C$190,"Professional") -> 0 | N17: =SUMIFS(Activities!$F$2:$F$190,Activities!$B$2:$B$190,$A17,Activities!$C$2:$C$190,"Personal") -> 0 | O17: =SUMIFS(Activities!$F$2:$F$190,Activities!$B$2:$B$190,$A17,Activities!$C$2:$C$190,"Relationships") -> 25 | P17: =SUMIFS(Activities!$F$2:$F$190,Activities!$B$2:$B$190,$A17,Activities!$C$2:$C$190,"Leisure and creativity") -> 0 | Q17: 5.9 | S17: 1 | T17: 1 | U17: 3 | V17: 4 | W17: 291 | X17: 8259 | Y17: 1.7 | Z17: =COUNTIFS(Reflections!$A$2:$A$70,$A17) -> 0 | AA17: Filled in the same day | AB17: 0
A18: 46238 | B18: =INDEX({"Monday","Tuesday","Wednesday","Thursday","Friday","Saturday","Sunday"},WEEKDAY($A18,2)) -> Tuesday | C18: Yes | D18: =COUNTIFS(Intentions!$B$2:$B$365,$A18) -> 5 | E18: =COUNTIFS(Intentions!$B$2:$B$365,$A18,Intentions!$H$2:$H$365,"<>Planned") -> 5 | F18: =COUNTIFS(Intentions!$B$2:$B$365,$A18,Intentions!$H$2:$H$365,"Done")+COUNTIFS(Intentions!$B$2:$B$365,$A18,Intentions!$H$2:$H$365,"Partial") -> 2 | G18: =IF(E18=0,"",SUMIFS(Intentions!$K$2:$K$365,Intentions!$B$2:$B$365,$A18)/E18) -> 0.4 | H18: =SUMIFS(Intentions!$G$2:$G$365,Intentions!$B$2:$B$365,$A18) -> 300 | I18: =SUMIFS(Activities!$F$2:$F$190,Activities!$B$2:$B$190,$A18) -> 270 | J18: =SUMIFS(Activities!$F$2:$F$190,Activities!$B$2:$B$190,$A18,Activities!$C$2:$C$190,"Spiritual") -> 0 | K18: =SUMIFS(Activities!$F$2:$F$190,Activities!$B$2:$B$190,$A18,Activities!$C$2:$C$190,"Physical") -> 0 | L18: =SUMIFS(Activities!$F$2:$F$190,Activities!$B$2:$B$190,$A18,Activities!$C$2:$C$190,"Studies") -> 270 | M18: =SUMIFS(Activities!$F$2:$F$190,Activities!$B$2:$B$190,$A18,Activities!$C$2:$C$190,"Professional") -> 0 | N18: =SUMIFS(Activities!$F$2:$F$190,Activities!$B$2:$B$190,$A18,Activities!$C$2:$C$190,"Personal") -> 0 | O18: =SUMIFS(Activities!$F$2:$F$190,Activities!$B$2:$B$190,$A18,Activities!$C$2:$C$190,"Relationships") -> 0 | P18: =SUMIFS(Activities!$F$2:$F$190,Activities!$B$2:$B$190,$A18,Activities!$C$2:$C$190,"Leisure and creativity") -> 0 | Q18: 5.4 | S18: 2 | T18: 1 | U18: 4 | V18: 2 | W18: 173 | X18: 8999 | Y18: 1.6 | Z18: =COUNTIFS(Reflections!$A$2:$A$70,$A18) -> 1 | AA18: Filled in the same day | AB18: 0
A19: 46239 | B19: =INDEX({"Monday","Tuesday","Wednesday","Thursday","Friday","Saturday","Sunday"},WEEKDAY($A19,2)) -> Wednesday | C19: Yes | D19: =COUNTIFS(Intentions!$B$2:$B$365,$A19) -> 4 | E19: =COUNTIFS(Intentions!$B$2:$B$365,$A19,Intentions!$H$2:$H$365,"<>Planned") -> 4 | F19: =COUNTIFS(Intentions!$B$2:$B$365,$A19,Intentions!$H$2:$H$365,"Done")+COUNTIFS(Intentions!$B$2:$B$365,$A19,Intentions!$H$2:$H$365,"Partial") -> 3 | G19: =IF(E19=0,"",SUMIFS(Intentions!$K$2:$K$365,Intentions!$B$2:$B$365,$A19)/E19) -> 0.75 | H19: =SUMIFS(Intentions!$G$2:$G$365,Intentions!$B$2:$B$365,$A19) -> 250 | I19: =SUMIFS(Activities!$F$2:$F$190,Activities!$B$2:$B$190,$A19) -> 337 | J19: =SUMIFS(Activities!$F$2:$F$190,Activities!$B$2:$B$190,$A19,Activities!$C$2:$C$190,"Spiritual") -> 0 | K19: =SUMIFS(Activities!$F$2:$F$190,Activities!$B$2:$B$190,$A19,Activities!$C$2:$C$190,"Physical") -> 29 | L19: =SUMIFS(Activities!$F$2:$F$190,Activities!$B$2:$B$190,$A19,Activities!$C$2:$C$190,"Studies") -> 248 | M19: =SUMIFS(Activities!$F$2:$F$190,Activities!$B$2:$B$190,$A19,Activities!$C$2:$C$190,"Professional") -> 0 | N19: =SUMIFS(Activities!$F$2:$F$190,Activities!$B$2:$B$190,$A19,Activities!$C$2:$C$190,"Personal") -> 0 | O19: =SUMIFS(Activities!$F$2:$F$190,Activities!$B$2:$B$190,$A19,Activities!$C$2:$C$190,"Relationships") -> 0 | P19: =SUMIFS(Activities!$F$2:$F$190,Activities!$B$2:$B$190,$A19,Activities!$C$2:$C$190,"Leisure and creativity") -> 60 | Q19: 7.6 | S19: 5 | T19: 5 | U19: 4 | V19: 4 | W19: 215 | X19: 3137 | Y19: 2.6 | Z19: =COUNTIFS(Reflections!$A$2:$A$70,$A19) -> 1 | AA19: Filled in the same day | AB19: 0
A20: 46240 | B20: =INDEX({"Monday","Tuesday","Wednesday","Thursday","Friday","Saturday","Sunday"},WEEKDAY($A20,2)) -> Thursday | C20: Yes | D20: =COUNTIFS(Intentions!$B$2:$B$365,$A20) -> 4 | E20: =COUNTIFS(Intentions!$B$2:$B$365,$A20,Intentions!$H$2:$H$365,"<>Planned") -> 4 | F20: =COUNTIFS(Intentions!$B$2:$B$365,$A20,Intentions!$H$2:$H$365,"Done")+COUNTIFS(Intentions!$B$2:$B$365,$A20,Intentions!$H$2:$H$365,"Partial") -> 4 | G20: =IF(E20=0,"",SUMIFS(Intentions!$K$2:$K$365,Intentions!$B$2:$B$365,$A20)/E20) -> 1 | H20: =SUMIFS(Intentions!$G$2:$G$365,Intentions!$B$2:$B$365,$A20) -> 240 | I20: =SUMIFS(Activities!$F$2:$F$190,Activities!$B$2:$B$190,$A20) -> 326 | J20: =SUMIFS(Activities!$F$2:$F$190,Activities!$B$2:$B$190,$A20,Activities!$C$2:$C$190,"Spiritual") -> 0 | K20: =SUMIFS(Activities!$F$2:$F$190,Activities!$B$2:$B$190,$A20,Activities!$C$2:$C$190,"Physical") -> 26 | L20: =SUMIFS(Activities!$F$2:$F$190,Activities!$B$2:$B$190,$A20,Activities!$C$2:$C$190,"Studies") -> 221 | M20: =SUMIFS(Activities!$F$2:$F$190,Activities!$B$2:$B$190,$A20,Activities!$C$2:$C$190,"Professional") -> 0 | N20: =SUMIFS(Activities!$F$2:$F$190,Activities!$B$2:$B$190,$A20,Activities!$C$2:$C$190,"Personal") -> 0 | O20: =SUMIFS(Activities!$F$2:$F$190,Activities!$B$2:$B$190,$A20,Activities!$C$2:$C$190,"Relationships") -> 19 | P20: =SUMIFS(Activities!$F$2:$F$190,Activities!$B$2:$B$190,$A20,Activities!$C$2:$C$190,"Leisure and creativity") -> 60 | Q20: 6 | S20: 3 | T20: 5 | U20: 4 | V20: 1 | W20: 181 | X20: 9773 | Y20: 1.3 | Z20: =COUNTIFS(Reflections!$A$2:$A$70,$A20) -> 0 | AA20: Filled in the same day | AB20: 0
A21: 46241 | B21: =INDEX({"Monday","Tuesday","Wednesday","Thursday","Friday","Saturday","Sunday"},WEEKDAY($A21,2)) -> Friday | C21: Yes | D21: =COUNTIFS(Intentions!$B$2:$B$365,$A21) -> 5 | E21: =COUNTIFS(Intentions!$B$2:$B$365,$A21,Intentions!$H$2:$H$365,"<>Planned") -> 5 | F21: =COUNTIFS(Intentions!$B$2:$B$365,$A21,Intentions!$H$2:$H$365,"Done")+COUNTIFS(Intentions!$B$2:$B$365,$A21,Intentions!$H$2:$H$365,"Partial") -> 2 | G21: =IF(E21=0,"",SUMIFS(Intentions!$K$2:$K$365,Intentions!$B$2:$B$365,$A21)/E21) -> 0.4 | H21: =SUMIFS(Intentions!$G$2:$G$365,Intentions!$B$2:$B$365,$A21) -> 255 | I21: =SUMIFS(Activities!$F$2:$F$190,Activities!$B$2:$B$190,$A21) -> 46 | J21: =SUMIFS(Activities!$F$2:$F$190,Activities!$B$2:$B$190,$A21,Activities!$C$2:$C$190,"Spiritual") -> 16 | K21: =SUMIFS(Activities!$F$2:$F$190,Activities!$B$2:$B$190,$A21,Activities!$C$2:$C$190,"Physical") -> 30 | L21: =SUMIFS(Activities!$F$2:$F$190,Activities!$B$2:$B$190,$A21,Activities!$C$2:$C$190,"Studies") -> 0 | M21: =SUMIFS(Activities!$F$2:$F$190,Activities!$B$2:$B$190,$A21,Activities!$C$2:$C$190,"Professional") -> 0 | N21: =SUMIFS(Activities!$F$2:$F$190,Activities!$B$2:$B$190,$A21,Activities!$C$2:$C$190,"Personal") -> 0 | O21: =SUMIFS(Activities!$F$2:$F$190,Activities!$B$2:$B$190,$A21,Activities!$C$2:$C$190,"Relationships") -> 0 | P21: =SUMIFS(Activities!$F$2:$F$190,Activities!$B$2:$B$190,$A21,Activities!$C$2:$C$190,"Leisure and creativity") -> 0 | Q21: 6.2 | S21: 3 | T21: 2 | U21: 2 | V21: 3 | W21: 147 | X21: 5833 | Y21: 1.1 | Z21: =COUNTIFS(Reflections!$A$2:$A$70,$A21) -> 1 | AA21: Filled in the same day | AB21: 0
A22: 46242 | B22: =INDEX({"Monday","Tuesday","Wednesday","Thursday","Friday","Saturday","Sunday"},WEEKDAY($A22,2)) -> Saturday | C22: Yes | D22: =COUNTIFS(Intentions!$B$2:$B$365,$A22) -> 2 | E22: =COUNTIFS(Intentions!$B$2:$B$365,$A22,Intentions!$H$2:$H$365,"<>Planned") -> 2 | F22: =COUNTIFS(Intentions!$B$2:$B$365,$A22,Intentions!$H$2:$H$365,"Done")+COUNTIFS(Intentions!$B$2:$B$365,$A22,Intentions!$H$2:$H$365,"Partial") -> 2 | G22: =IF(E22=0,"",SUMIFS(Intentions!$K$2:$K$365,Intentions!$B$2:$B$365,$A22)/E22) -> 1 | H22: =SUMIFS(Intentions!$G$2:$G$365,Intentions!$B$2:$B$365,$A22) -> 100 | I22: =SUMIFS(Activities!$F$2:$F$190,Activities!$B$2:$B$190,$A22) -> 181 | J22: =SUMIFS(Activities!$F$2:$F$190,Activities!$B$2:$B$190,$A22,Activities!$C$2:$C$190,"Spiritual") -> 0 | K22: =SUMIFS(Activities!$F$2:$F$190,Activities!$B$2:$B$190,$A22,Activities!$C$2:$C$190,"Physical") -> 40 | L22: =SUMIFS(Activities!$F$2:$F$190,Activities!$B$2:$B$190,$A22,Activities!$C$2:$C$190,"Studies") -> 81 | M22: =SUMIFS(Activities!$F$2:$F$190,Activities!$B$2:$B$190,$A22,Activities!$C$2:$C$190,"Professional") -> 0 | N22: =SUMIFS(Activities!$F$2:$F$190,Activities!$B$2:$B$190,$A22,Activities!$C$2:$C$190,"Personal") -> 0 | O22: =SUMIFS(Activities!$F$2:$F$190,Activities!$B$2:$B$190,$A22,Activities!$C$2:$C$190,"Relationships") -> 0 | P22: =SUMIFS(Activities!$F$2:$F$190,Activities!$B$2:$B$190,$A22,Activities!$C$2:$C$190,"Leisure and creativity") -> 60 | Q22: 7 | S22: 3 | T22: 3 | U22: 4 | V22: 1 | W22: 211 | X22: 6393 | Y22: 2.1 | Z22: =COUNTIFS(Reflections!$A$2:$A$70,$A22) -> 2 | AA22: Filled in the same day | AB22: 0 | AC22: Match de football avec les amis du quartier.
A23: 46243 | B23: =INDEX({"Monday","Tuesday","Wednesday","Thursday","Friday","Saturday","Sunday"},WEEKDAY($A23,2)) -> Sunday | C23: Yes | D23: =COUNTIFS(Intentions!$B$2:$B$365,$A23) -> 7 | E23: =COUNTIFS(Intentions!$B$2:$B$365,$A23,Intentions!$H$2:$H$365,"<>Planned") -> 7 | F23: =COUNTIFS(Intentions!$B$2:$B$365,$A23,Intentions!$H$2:$H$365,"Done")+COUNTIFS(Intentions!$B$2:$B$365,$A23,Intentions!$H$2:$H$365,"Partial") -> 1 | G23: =IF(E23=0,"",SUMIFS(Intentions!$K$2:$K$365,Intentions!$B$2:$B$365,$A23)/E23) -> 0.14285714 | H23: =SUMIFS(Intentions!$G$2:$G$365,Intentions!$B$2:$B$365,$A23) -> 310 | I23: =SUMIFS(Activities!$F$2:$F$190,Activities!$B$2:$B$190,$A23) -> 35 | J23: =SUMIFS(Activities!$F$2:$F$190,Activities!$B$2:$B$190,$A23,Activities!$C$2:$C$190,"Spiritual") -> 0 | K23: =SUMIFS(Activities!$F$2:$F$190,Activities!$B$2:$B$190,$A23,Activities!$C$2:$C$190,"Physical") -> 0 | L23: =SUMIFS(Activities!$F$2:$F$190,Activities!$B$2:$B$190,$A23,Activities!$C$2:$C$190,"Studies") -> 0 | M23: =SUMIFS(Activities!$F$2:$F$190,Activities!$B$2:$B$190,$A23,Activities!$C$2:$C$190,"Professional") -> 0 | N23: =SUMIFS(Activities!$F$2:$F$190,Activities!$B$2:$B$190,$A23,Activities!$C$2:$C$190,"Personal") -> 35 | O23: =SUMIFS(Activities!$F$2:$F$190,Activities!$B$2:$B$190,$A23,Activities!$C$2:$C$190,"Relationships") -> 0 | P23: =SUMIFS(Activities!$F$2:$F$190,Activities!$B$2:$B$190,$A23,Activities!$C$2:$C$190,"Leisure and creativity") -> 0 | Q23: 7.6 | S23: 3 | T23: 3 | U23: 2 | V23: 2 | W23: 193 | X23: 11192 | Y23: 2.1 | Z23: =COUNTIFS(Reflections!$A$2:$A$70,$A23) -> 3 | AA23: Filled in the same day | AB23: 0
A24: 46244 | B24: =INDEX({"Monday","Tuesday","Wednesday","Thursday","Friday","Saturday","Sunday"},WEEKDAY($A24,2)) -> Monday | C24: Yes | D24: =COUNTIFS(Intentions!$B$2:$B$365,$A24) -> 5 | E24: =COUNTIFS(Intentions!$B$2:$B$365,$A24,Intentions!$H$2:$H$365,"<>Planned") -> 5 | F24: =COUNTIFS(Intentions!$B$2:$B$365,$A24,Intentions!$H$2:$H$365,"Done")+COUNTIFS(Intentions!$B$2:$B$365,$A24,Intentions!$H$2:$H$365,"Partial") -> 4 | G24: =IF(E24=0,"",SUMIFS(Intentions!$K$2:$K$365,Intentions!$B$2:$B$365,$A24)/E24) -> 0.8 | H24: =SUMIFS(Intentions!$G$2:$G$365,Intentions!$B$2:$B$365,$A24) -> 185 | I24: =SUMIFS(Activities!$F$2:$F$190,Activities!$B$2:$B$190,$A24) -> 159 | J24: =SUMIFS(Activities!$F$2:$F$190,Activities!$B$2:$B$190,$A24,Activities!$C$2:$C$190,"Spiritual") -> 18 | K24: =SUMIFS(Activities!$F$2:$F$190,Activities!$B$2:$B$190,$A24,Activities!$C$2:$C$190,"Physical") -> 0 | L24: =SUMIFS(Activities!$F$2:$F$190,Activities!$B$2:$B$190,$A24,Activities!$C$2:$C$190,"Studies") -> 110 | M24: =SUMIFS(Activities!$F$2:$F$190,Activities!$B$2:$B$190,$A24,Activities!$C$2:$C$190,"Professional") -> 0 | N24: =SUMIFS(Activities!$F$2:$F$190,Activities!$B$2:$B$190,$A24,Activities!$C$2:$C$190,"Personal") -> 0 | O24: =SUMIFS(Activities!$F$2:$F$190,Activities!$B$2:$B$190,$A24,Activities!$C$2:$C$190,"Relationships") -> 31 | P24: =SUMIFS(Activities!$F$2:$F$190,Activities!$B$2:$B$190,$A24,Activities!$C$2:$C$190,"Leisure and creativity") -> 0 | Q24: 7.6 | S24: 4 | T24: 5 | U24: 5 | V24: 1 | W24: 303 | X24: 8475 | Y24: 1.7 | Z24: =COUNTIFS(Reflections!$A$2:$A$70,$A24) -> 1 | AA24: Filled in the same day | AB24: 0
A25: 46245 | B25: =INDEX({"Monday","Tuesday","Wednesday","Thursday","Friday","Saturday","Sunday"},WEEKDAY($A25,2)) -> Tuesday | C25: Yes | D25: =COUNTIFS(Intentions!$B$2:$B$365,$A25) -> 7 | E25: =COUNTIFS(Intentions!$B$2:$B$365,$A25,Intentions!$H$2:$H$365,"<>Planned") -> 7 | F25: =COUNTIFS(Intentions!$B$2:$B$365,$A25,Intentions!$H$2:$H$365,"Done")+COUNTIFS(Intentions!$B$2:$B$365,$A25,Intentions!$H$2:$H$365,"Partial") -> 2 | G25: =IF(E25=0,"",SUMIFS(Intentions!$K$2:$K$365,Intentions!$B$2:$B$365,$A25)/E25) -> 0.21428571 | H25: =SUMIFS(Intentions!$G$2:$G$365,Intentions!$B$2:$B$365,$A25) -> 390 | I25: =SUMIFS(Activities!$F$2:$F$190,Activities!$B$2:$B$190,$A25) -> 121 | J25: =SUMIFS(Activities!$F$2:$F$190,Activities!$B$2:$B$190,$A25,Activities!$C$2:$C$190,"Spiritual") -> 0 | K25: =SUMIFS(Activities!$F$2:$F$190,Activities!$B$2:$B$190,$A25,Activities!$C$2:$C$190,"Physical") -> 0 | L25: =SUMIFS(Activities!$F$2:$F$190,Activities!$B$2:$B$190,$A25,Activities!$C$2:$C$190,"Studies") -> 54 | M25: =SUMIFS(Activities!$F$2:$F$190,Activities!$B$2:$B$190,$A25,Activities!$C$2:$C$190,"Professional") -> 67 | N25: =SUMIFS(Activities!$F$2:$F$190,Activities!$B$2:$B$190,$A25,Activities!$C$2:$C$190,"Personal") -> 0 | O25: =SUMIFS(Activities!$F$2:$F$190,Activities!$B$2:$B$190,$A25,Activities!$C$2:$C$190,"Relationships") -> 0 | P25: =SUMIFS(Activities!$F$2:$F$190,Activities!$B$2:$B$190,$A25,Activities!$C$2:$C$190,"Leisure and creativity") -> 0 | Q25: 7.5 | S25: 3 | T25: 2 | U25: 2 | V25: 3 | W25: 209 | X25: 6843 | Y25: 2.1 | Z25: =COUNTIFS(Reflections!$A$2:$A$70,$A25) -> 1 | AA25: Filled in the same day | AB25: 0
A26: 46246 | B26: =INDEX({"Monday","Tuesday","Wednesday","Thursday","Friday","Saturday","Sunday"},WEEKDAY($A26,2)) -> Wednesday | C26: Yes | D26: =COUNTIFS(Intentions!$B$2:$B$365,$A26) -> 7 | E26: =COUNTIFS(Intentions!$B$2:$B$365,$A26,Intentions!$H$2:$H$365,"<>Planned") -> 7 | F26: =COUNTIFS(Intentions!$B$2:$B$365,$A26,Intentions!$H$2:$H$365,"Done")+COUNTIFS(Intentions!$B$2:$B$365,$A26,Intentions!$H$2:$H$365,"Partial") -> 1 | G26: =IF(E26=0,"",SUMIFS(Intentions!$K$2:$K$365,Intentions!$B$2:$B$365,$A26)/E26) -> 0.14285714 | H26: =SUMIFS(Intentions!$G$2:$G$365,Intentions!$B$2:$B$365,$A26) -> 390 | I26: =SUMIFS(Activities!$F$2:$F$190,Activities!$B$2:$B$190,$A26) -> 90 | J26: =SUMIFS(Activities!$F$2:$F$190,Activities!$B$2:$B$190,$A26,Activities!$C$2:$C$190,"Spiritual") -> 0 | K26: =SUMIFS(Activities!$F$2:$F$190,Activities!$B$2:$B$190,$A26,Activities!$C$2:$C$190,"Physical") -> 30 | L26: =SUMIFS(Activities!$F$2:$F$190,Activities!$B$2:$B$190,$A26,Activities!$C$2:$C$190,"Studies") -> 0 | M26: =SUMIFS(Activities!$F$2:$F$190,Activities!$B$2:$B$190,$A26,Activities!$C$2:$C$190,"Professional") -> 0 | N26: =SUMIFS(Activities!$F$2:$F$190,Activities!$B$2:$B$190,$A26,Activities!$C$2:$C$190,"Personal") -> 0 | O26: =SUMIFS(Activities!$F$2:$F$190,Activities!$B$2:$B$190,$A26,Activities!$C$2:$C$190,"Relationships") -> 0 | P26: =SUMIFS(Activities!$F$2:$F$190,Activities!$B$2:$B$190,$A26,Activities!$C$2:$C$190,"Leisure and creativity") -> 60 | Q26: 5.8 | S26: 3 | T26: 3 | U26: 3 | V26: 2 | W26: 182 | X26: 10482 | Y26: 1.9 | Z26: =COUNTIFS(Reflections!$A$2:$A$70,$A26) -> 0 | AA26: Filled in the same day | AB26: 0
A27: 46247 | B27: =INDEX({"Monday","Tuesday","Wednesday","Thursday","Friday","Saturday","Sunday"},WEEKDAY($A27,2)) -> Thursday | C27: Yes | D27: =COUNTIFS(Intentions!$B$2:$B$365,$A27) -> 7 | E27: =COUNTIFS(Intentions!$B$2:$B$365,$A27,Intentions!$H$2:$H$365,"<>Planned") -> 7 | F27: =COUNTIFS(Intentions!$B$2:$B$365,$A27,Intentions!$H$2:$H$365,"Done")+COUNTIFS(Intentions!$B$2:$B$365,$A27,Intentions!$H$2:$H$365,"Partial") -> 4 | G27: =IF(E27=0,"",SUMIFS(Intentions!$K$2:$K$365,Intentions!$B$2:$B$365,$A27)/E27) -> 0.57142857 | H27: =SUMIFS(Intentions!$G$2:$G$365,Intentions!$B$2:$B$365,$A27) -> 300 | I27: =SUMIFS(Activities!$F$2:$F$190,Activities!$B$2:$B$190,$A27) -> 322 | J27: =SUMIFS(Activities!$F$2:$F$190,Activities!$B$2:$B$190,$A27,Activities!$C$2:$C$190,"Spiritual") -> 0 | K27: =SUMIFS(Activities!$F$2:$F$190,Activities!$B$2:$B$190,$A27,Activities!$C$2:$C$190,"Physical") -> 25 | L27: =SUMIFS(Activities!$F$2:$F$190,Activities!$B$2:$B$190,$A27,Activities!$C$2:$C$190,"Studies") -> 58 | M27: =SUMIFS(Activities!$F$2:$F$190,Activities!$B$2:$B$190,$A27,Activities!$C$2:$C$190,"Professional") -> 89 | N27: =SUMIFS(Activities!$F$2:$F$190,Activities!$B$2:$B$190,$A27,Activities!$C$2:$C$190,"Personal") -> 30 | O27: =SUMIFS(Activities!$F$2:$F$190,Activities!$B$2:$B$190,$A27,Activities!$C$2:$C$190,"Relationships") -> 0 | P27: =SUMIFS(Activities!$F$2:$F$190,Activities!$B$2:$B$190,$A27,Activities!$C$2:$C$190,"Leisure and creativity") -> 120 | Q27: 7.3 | S27: 3 | T27: 3 | U27: 4 | V27: 3 | W27: 217 | X27: 9590 | Y27: 1.5 | Z27: =COUNTIFS(Reflections!$A$2:$A$70,$A27) -> 0 | AA27: Filled in the same day | AB27: 0
A28: 46248 | B28: =INDEX({"Monday","Tuesday","Wednesday","Thursday","Friday","Saturday","Sunday"},WEEKDAY($A28,2)) -> Friday | C28: Yes | D28: =COUNTIFS(Intentions!$B$2:$B$365,$A28) -> 3 | E28: =COUNTIFS(Intentions!$B$2:$B$365,$A28,Intentions!$H$2:$H$365,"<>Planned") -> 3 | F28: =COUNTIFS(Intentions!$B$2:$B$365,$A28,Intentions!$H$2:$H$365,"Done")+COUNTIFS(Intentions!$B$2:$B$365,$A28,Intentions!$H$2:$H$365,"Partial") -> 1 | G28: =IF(E28=0,"",SUMIFS(Intentions!$K$2:$K$365,Intentions!$B$2:$B$365,$A28)/E28) -> 0.33333333 | H28: =SUMIFS(Intentions!$G$2:$G$365,Intentions!$B$2:$B$365,$A28) -> 145 | I28: =SUMIFS(Activities!$F$2:$F$190,Activities!$B$2:$B$190,$A28) -> 66 | J28: =SUMIFS(Activities!$F$2:$F$190,Activities!$B$2:$B$190,$A28,Activities!$C$2:$C$190,"Spiritual") -> 0 | K28: =SUMIFS(Activities!$F$2:$F$190,Activities!$B$2:$B$190,$A28,Activities!$C$2:$C$190,"Physical") -> 0 | L28: =SUMIFS(Activities!$F$2:$F$190,Activities!$B$2:$B$190,$A28,Activities!$C$2:$C$190,"Studies") -> 0 | M28: =SUMIFS(Activities!$F$2:$F$190,Activities!$B$2:$B$190,$A28,Activities!$C$2:$C$190,"Professional") -> 66 | N28: =SUMIFS(Activities!$F$2:$F$190,Activities!$B$2:$B$190,$A28,Activities!$C$2:$C$190,"Personal") -> 0 | O28: =SUMIFS(Activities!$F$2:$F$190,Activities!$B$2:$B$190,$A28,Activities!$C$2:$C$190,"Relationships") -> 0 | P28: =SUMIFS(Activities!$F$2:$F$190,Activities!$B$2:$B$190,$A28,Activities!$C$2:$C$190,"Leisure and creativity") -> 0 | Q28: 7.8 | S28: 4 | T28: 5 | U28: 3 | V28: 4 | W28: 226 | X28: 7093 | Y28: 1.4 | Z28: =COUNTIFS(Reflections!$A$2:$A$70,$A28) -> 1 | AA28: Filled in the same day | AB28: 0
A29: 46249 | B29: =INDEX({"Monday","Tuesday","Wednesday","Thursday","Friday","Saturday","Sunday"},WEEKDAY($A29,2)) -> Saturday | C29: Yes | D29: =COUNTIFS(Intentions!$B$2:$B$365,$A29) -> 7 | E29: =COUNTIFS(Intentions!$B$2:$B$365,$A29,Intentions!$H$2:$H$365,"<>Planned") -> 7 | F29: =COUNTIFS(Intentions!$B$2:$B$365,$A29,Intentions!$H$2:$H$365,"Done")+COUNTIFS(Intentions!$B$2:$B$365,$A29,Intentions!$H$2:$H$365,"Partial") -> 3 | G29: =IF(E29=0,"",SUMIFS(Intentions!$K$2:$K$365,Intentions!$B$2:$B$365,$A29)/E29) -> 0.35714286 | H29: =SUMIFS(Intentions!$G$2:$G$365,Intentions!$B$2:$B$365,$A29) -> 255 | I29: =SUMIFS(Activities!$F$2:$F$190,Activities!$B$2:$B$190,$A29) -> 128 | J29: =SUMIFS(Activities!$F$2:$F$190,Activities!$B$2:$B$190,$A29,Activities!$C$2:$C$190,"Spiritual") -> 0 | K29: =SUMIFS(Activities!$F$2:$F$190,Activities!$B$2:$B$190,$A29,Activities!$C$2:$C$190,"Physical") -> 24 | L29: =SUMIFS(Activities!$F$2:$F$190,Activities!$B$2:$B$190,$A29,Activities!$C$2:$C$190,"Studies") -> 80 | M29: =SUMIFS(Activities!$F$2:$F$190,Activities!$B$2:$B$190,$A29,Activities!$C$2:$C$190,"Professional") -> 0 | N29: =SUMIFS(Activities!$F$2:$F$190,Activities!$B$2:$B$190,$A29,Activities!$C$2:$C$190,"Personal") -> 0 | O29: =SUMIFS(Activities!$F$2:$F$190,Activities!$B$2:$B$190,$A29,Activities!$C$2:$C$190,"Relationships") -> 24 | P29: =SUMIFS(Activities!$F$2:$F$190,Activities!$B$2:$B$190,$A29,Activities!$C$2:$C$190,"Leisure and creativity") -> 0 | Q29: 5.5 | S29: 4 | T29: 3 | U29: 2 | V29: 3 | W29: 188 | X29: 5797 | Y29: 1.6 | Z29: =COUNTIFS(Reflections!$A$2:$A$70,$A29) -> 1 | AA29: Filled in the same day | AB29: 0
A30: 46250 | B30: =INDEX({"Monday","Tuesday","Wednesday","Thursday","Friday","Saturday","Sunday"},WEEKDAY($A30,2)) -> Sunday | C30: Yes | D30: =COUNTIFS(Intentions!$B$2:$B$365,$A30) -> 4 | E30: =COUNTIFS(Intentions!$B$2:$B$365,$A30,Intentions!$H$2:$H$365,"<>Planned") -> 4 | F30: =COUNTIFS(Intentions!$B$2:$B$365,$A30,Intentions!$H$2:$H$365,"Done")+COUNTIFS(Intentions!$B$2:$B$365,$A30,Intentions!$H$2:$H$365,"Partial") -> 4 | G30: =IF(E30=0,"",SUMIFS(Intentions!$K$2:$K$365,Intentions!$B$2:$B$365,$A30)/E30) -> 1 | H30: =SUMIFS(Intentions!$G$2:$G$365,Intentions!$B$2:$B$365,$A30) -> 140 | I30: =SUMIFS(Activities!$F$2:$F$190,Activities!$B$2:$B$190,$A30) -> 148 | J30: =SUMIFS(Activities!$F$2:$F$190,Activities!$B$2:$B$190,$A30,Activities!$C$2:$C$190,"Spiritual") -> 19 | K30: =SUMIFS(Activities!$F$2:$F$190,Activities!$B$2:$B$190,$A30,Activities!$C$2:$C$190,"Physical") -> 33 | L30: =SUMIFS(Activities!$F$2:$F$190,Activities!$B$2:$B$190,$A30,Activities!$C$2:$C$190,"Studies") -> 72 | M30: =SUMIFS(Activities!$F$2:$F$190,Activities!$B$2:$B$190,$A30,Activities!$C$2:$C$190,"Professional") -> 0 | N30: =SUMIFS(Activities!$F$2:$F$190,Activities!$B$2:$B$190,$A30,Activities!$C$2:$C$190,"Personal") -> 24 | O30: =SUMIFS(Activities!$F$2:$F$190,Activities!$B$2:$B$190,$A30,Activities!$C$2:$C$190,"Relationships") -> 0 | P30: =SUMIFS(Activities!$F$2:$F$190,Activities!$B$2:$B$190,$A30,Activities!$C$2:$C$190,"Leisure and creativity") -> 0 | Q30: 7.6 | S30: 3 | T30: 3 | U30: 5 | V30: 3 | W30: 311 | X30: 4473 | Y30: 1.8 | Z30: =COUNTIFS(Reflections!$A$2:$A$70,$A30) -> 1 | AA30: Filled in the same day | AB30: 0
A31: 46251 | B31: =INDEX({"Monday","Tuesday","Wednesday","Thursday","Friday","Saturday","Sunday"},WEEKDAY($A31,2)) -> Monday | C31: Yes | D31: =COUNTIFS(Intentions!$B$2:$B$365,$A31) -> 5 | E31: =COUNTIFS(Intentions!$B$2:$B$365,$A31,Intentions!$H$2:$H$365,"<>Planned") -> 5 | F31: =COUNTIFS(Intentions!$B$2:$B$365,$A31,Intentions!$H$2:$H$365,"Done")+COUNTIFS(Intentions!$B$2:$B$365,$A31,Intentions!$H$2:$H$365,"Partial") -> 2 | G31: =IF(E31=0,"",SUMIFS(Intentions!$K$2:$K$365,Intentions!$B$2:$B$365,$A31)/E31) -> 0.4 | H31: =SUMIFS(Intentions!$G$2:$G$365,Intentions!$B$2:$B$365,$A31) -> 210 | I31: =SUMIFS(Activities!$F$2:$F$190,Activities!$B$2:$B$190,$A31) -> 65 | J31: =SUMIFS(Activities!$F$2:$F$190,Activities!$B$2:$B$190,$A31,Activities!$C$2:$C$190,"Spiritual") -> 0 | K31: =SUMIFS(Activities!$F$2:$F$190,Activities!$B$2:$B$190,$A31,Activities!$C$2:$C$190,"Physical") -> 40 | L31: =SUMIFS(Activities!$F$2:$F$190,Activities!$B$2:$B$190,$A31,Activities!$C$2:$C$190,"Studies") -> 0 | M31: =SUMIFS(Activities!$F$2:$F$190,Activities!$B$2:$B$190,$A31,Activities!$C$2:$C$190,"Professional") -> 0 | N31: =SUMIFS(Activities!$F$2:$F$190,Activities!$B$2:$B$190,$A31,Activities!$C$2:$C$190,"Personal") -> 25 | O31: =SUMIFS(Activities!$F$2:$F$190,Activities!$B$2:$B$190,$A31,Activities!$C$2:$C$190,"Relationships") -> 0 | P31: =SUMIFS(Activities!$F$2:$F$190,Activities!$B$2:$B$190,$A31,Activities!$C$2:$C$190,"Leisure and creativity") -> 0 | Q31: 6.9 | S31: 3 | T31: 3 | U31: 3 | V31: 3 | W31: 239 | X31: 7958 | Y31: 1.8 | Z31: =COUNTIFS(Reflections!$A$2:$A$70,$A31) -> 1 | AA31: Filled in the same day | AB31: 0
A32: 46252 | B32: =INDEX({"Monday","Tuesday","Wednesday","Thursday","Friday","Saturday","Sunday"},WEEKDAY($A32,2)) -> Tuesday | C32: Yes | D32: =COUNTIFS(Intentions!$B$2:$B$365,$A32) -> 3 | E32: =COUNTIFS(Intentions!$B$2:$B$365,$A32,Intentions!$H$2:$H$365,"<>Planned") -> 3 | F32: =COUNTIFS(Intentions!$B$2:$B$365,$A32,Intentions!$H$2:$H$365,"Done")+COUNTIFS(Intentions!$B$2:$B$365,$A32,Intentions!$H$2:$H$365,"Partial") -> 2 | G32: =IF(E32=0,"",SUMIFS(Intentions!$K$2:$K$365,Intentions!$B$2:$B$365,$A32)/E32) -> 0.66666667 | H32: =SUMIFS(Intentions!$G$2:$G$365,Intentions!$B$2:$B$365,$A32) -> 110 | I32: =SUMIFS(Activities!$F$2:$F$190,Activities!$B$2:$B$190,$A32) -> 88 | J32: =SUMIFS(Activities!$F$2:$F$190,Activities!$B$2:$B$190,$A32,Activities!$C$2:$C$190,"Spiritual") -> 0 | K32: =SUMIFS(Activities!$F$2:$F$190,Activities!$B$2:$B$190,$A32,Activities!$C$2:$C$190,"Physical") -> 0 | L32: =SUMIFS(Activities!$F$2:$F$190,Activities!$B$2:$B$190,$A32,Activities!$C$2:$C$190,"Studies") -> 70 | M32: =SUMIFS(Activities!$F$2:$F$190,Activities!$B$2:$B$190,$A32,Activities!$C$2:$C$190,"Professional") -> 0 | N32: =SUMIFS(Activities!$F$2:$F$190,Activities!$B$2:$B$190,$A32,Activities!$C$2:$C$190,"Personal") -> 0 | O32: =SUMIFS(Activities!$F$2:$F$190,Activities!$B$2:$B$190,$A32,Activities!$C$2:$C$190,"Relationships") -> 18 | P32: =SUMIFS(Activities!$F$2:$F$190,Activities!$B$2:$B$190,$A32,Activities!$C$2:$C$190,"Leisure and creativity") -> 0 | Q32: 8.4 | S32: 4 | T32: 4 | U32: 4 | V32: 3 | W32: 208 | X32: 8042 | Y32: 2.2 | Z32: =COUNTIFS(Reflections!$A$2:$A$70,$A32) -> 1 | AA32: Filled in the same day | AB32: 0
A33: 46253 | B33: =INDEX({"Monday","Tuesday","Wednesday","Thursday","Friday","Saturday","Sunday"},WEEKDAY($A33,2)) -> Wednesday | C33: Yes | D33: =COUNTIFS(Intentions!$B$2:$B$365,$A33) -> 2 | E33: =COUNTIFS(Intentions!$B$2:$B$365,$A33,Intentions!$H$2:$H$365,"<>Planned") -> 2 | F33: =COUNTIFS(Intentions!$B$2:$B$365,$A33,Intentions!$H$2:$H$365,"Done")+COUNTIFS(Intentions!$B$2:$B$365,$A33,Intentions!$H$2:$H$365,"Partial") -> 1 | G33: =IF(E33=0,"",SUMIFS(Intentions!$K$2:$K$365,Intentions!$B$2:$B$365,$A33)/E33) -> 0.5 | H33: =SUMIFS(Intentions!$G$2:$G$365,Intentions!$B$2:$B$365,$A33) -> 75 | I33: =SUMIFS(Activities!$F$2:$F$190,Activities!$B$2:$B$190,$A33) -> 16 | J33: =SUMIFS(Activities!$F$2:$F$190,Activities!$B$2:$B$190,$A33,Activities!$C$2:$C$190,"Spiritual") -> 16 | K33: =SUMIFS(Activities!$F$2:$F$190,Activities!$B$2:$B$190,$A33,Activities!$C$2:$C$190,"Physical") -> 0 | L33: =SUMIFS(Activities!$F$2:$F$190,Activities!$B$2:$B$190,$A33,Activities!$C$2:$C$190,"Studies") -> 0 | M33: =SUMIFS(Activities!$F$2:$F$190,Activities!$B$2:$B$190,$A33,Activities!$C$2:$C$190,"Professional") -> 0 | N33: =SUMIFS(Activities!$F$2:$F$190,Activities!$B$2:$B$190,$A33,Activities!$C$2:$C$190,"Personal") -> 0 | O33: =SUMIFS(Activities!$F$2:$F$190,Activities!$B$2:$B$190,$A33,Activities!$C$2:$C$190,"Relationships") -> 0 | P33: =SUMIFS(Activities!$F$2:$F$190,Activities!$B$2:$B$190,$A33,Activities!$C$2:$C$190,"Leisure and creativity") -> 0 | Q33: 7.6 | S33: 2 | T33: 1 | U33: 3 | V33: 3 | W33: 179 | X33: 4703 | Y33: 1.6 | Z33: =COUNTIFS(Reflections!$A$2:$A$70,$A33) -> 1 | AA33: Filled in the same day | AB33: 0
A34: 46254 | B34: =INDEX({"Monday","Tuesday","Wednesday","Thursday","Friday","Saturday","Sunday"},WEEKDAY($A34,2)) -> Thursday | C34: Yes | D34: =COUNTIFS(Intentions!$B$2:$B$365,$A34) -> 3 | E34: =COUNTIFS(Intentions!$B$2:$B$365,$A34,Intentions!$H$2:$H$365,"<>Planned") -> 3 | F34: =COUNTIFS(Intentions!$B$2:$B$365,$A34,Intentions!$H$2:$H$365,"Done")+COUNTIFS(Intentions!$B$2:$B$365,$A34,Intentions!$H$2:$H$365,"Partial") -> 1 | G34: =IF(E34=0,"",SUMIFS(Intentions!$K$2:$K$365,Intentions!$B$2:$B$365,$A34)/E34) -> 0.33333333 | H34: =SUMIFS(Intentions!$G$2:$G$365,Intentions!$B$2:$B$365,$A34) -> 135 | I34: =SUMIFS(Activities!$F$2:$F$190,Activities!$B$2:$B$190,$A34) -> 17 | J34: =SUMIFS(Activities!$F$2:$F$190,Activities!$B$2:$B$190,$A34,Activities!$C$2:$C$190,"Spiritual") -> 17 | K34: =SUMIFS(Activities!$F$2:$F$190,Activities!$B$2:$B$190,$A34,Activities!$C$2:$C$190,"Physical") -> 0 | L34: =SUMIFS(Activities!$F$2:$F$190,Activities!$B$2:$B$190,$A34,Activities!$C$2:$C$190,"Studies") -> 0 | M34: =SUMIFS(Activities!$F$2:$F$190,Activities!$B$2:$B$190,$A34,Activities!$C$2:$C$190,"Professional") -> 0 | N34: =SUMIFS(Activities!$F$2:$F$190,Activities!$B$2:$B$190,$A34,Activities!$C$2:$C$190,"Personal") -> 0 | O34: =SUMIFS(Activities!$F$2:$F$190,Activities!$B$2:$B$190,$A34,Activities!$C$2:$C$190,"Relationships") -> 0 | P34: =SUMIFS(Activities!$F$2:$F$190,Activities!$B$2:$B$190,$A34,Activities!$C$2:$C$190,"Leisure and creativity") -> 0 | Q34: 6.5 | S34: 3 | T34: 2 | U34: 3 | V34: 2 | W34: 208 | X34: 11382 | Y34: 2.3 | Z34: =COUNTIFS(Reflections!$A$2:$A$70,$A34) -> 1 | AA34: Filled in the same day | AB34: 0 | AC34: Projet Python présenté à des amis.
A35: 46255 | B35: =INDEX({"Monday","Tuesday","Wednesday","Thursday","Friday","Saturday","Sunday"},WEEKDAY($A35,2)) -> Friday | C35: Yes | D35: =COUNTIFS(Intentions!$B$2:$B$365,$A35) -> 7 | E35: =COUNTIFS(Intentions!$B$2:$B$365,$A35,Intentions!$H$2:$H$365,"<>Planned") -> 7 | F35: =COUNTIFS(Intentions!$B$2:$B$365,$A35,Intentions!$H$2:$H$365,"Done")+COUNTIFS(Intentions!$B$2:$B$365,$A35,Intentions!$H$2:$H$365,"Partial") -> 2 | G35: =IF(E35=0,"",SUMIFS(Intentions!$K$2:$K$365,Intentions!$B$2:$B$365,$A35)/E35) -> 0.28571429 | H35: =SUMIFS(Intentions!$G$2:$G$365,Intentions!$B$2:$B$365,$A35) -> 250 | I35: =SUMIFS(Activities!$F$2:$F$190,Activities!$B$2:$B$190,$A35) -> 43 | J35: =SUMIFS(Activities!$F$2:$F$190,Activities!$B$2:$B$190,$A35,Activities!$C$2:$C$190,"Spiritual") -> 23 | K35: =SUMIFS(Activities!$F$2:$F$190,Activities!$B$2:$B$190,$A35,Activities!$C$2:$C$190,"Physical") -> 0 | L35: =SUMIFS(Activities!$F$2:$F$190,Activities!$B$2:$B$190,$A35,Activities!$C$2:$C$190,"Studies") -> 0 | M35: =SUMIFS(Activities!$F$2:$F$190,Activities!$B$2:$B$190,$A35,Activities!$C$2:$C$190,"Professional") -> 0 | N35: =SUMIFS(Activities!$F$2:$F$190,Activities!$B$2:$B$190,$A35,Activities!$C$2:$C$190,"Personal") -> 0 | O35: =SUMIFS(Activities!$F$2:$F$190,Activities!$B$2:$B$190,$A35,Activities!$C$2:$C$190,"Relationships") -> 20 | P35: =SUMIFS(Activities!$F$2:$F$190,Activities!$B$2:$B$190,$A35,Activities!$C$2:$C$190,"Leisure and creativity") -> 0 | Q35: 6.3 | S35: 3 | T35: 3 | U35: 2 | V35: 3 | W35: 225 | X35: 5542 | Y35: 1.9 | Z35: =COUNTIFS(Reflections!$A$2:$A$70,$A35) -> 1 | AA35: Filled in the same day | AB35: 0
A36: 46256 | B36: =INDEX({"Monday","Tuesday","Wednesday","Thursday","Friday","Saturday","Sunday"},WEEKDAY($A36,2)) -> Saturday | C36: Yes | D36: =COUNTIFS(Intentions!$B$2:$B$365,$A36) -> 4 | E36: =COUNTIFS(Intentions!$B$2:$B$365,$A36,Intentions!$H$2:$H$365,"<>Planned") -> 4 | F36: =COUNTIFS(Intentions!$B$2:$B$365,$A36,Intentions!$H$2:$H$365,"Done")+COUNTIFS(Intentions!$B$2:$B$365,$A36,Intentions!$H$2:$H$365,"Partial") -> 2 | G36: =IF(E36=0,"",SUMIFS(Intentions!$K$2:$K$365,Intentions!$B$2:$B$365,$A36)/E36) -> 0.375 | H36: =SUMIFS(Intentions!$G$2:$G$365,Intentions!$B$2:$B$365,$A36) -> 185 | I36: =SUMIFS(Activities!$F$2:$F$190,Activities!$B$2:$B$190,$A36) -> 49 | J36: =SUMIFS(Activities!$F$2:$F$190,Activities!$B$2:$B$190,$A36,Activities!$C$2:$C$190,"Spiritual") -> 13 | K36: =SUMIFS(Activities!$F$2:$F$190,Activities!$B$2:$B$190,$A36,Activities!$C$2:$C$190,"Physical") -> 0 | L36: =SUMIFS(Activities!$F$2:$F$190,Activities!$B$2:$B$190,$A36,Activities!$C$2:$C$190,"Studies") -> 36 | M36: =SUMIFS(Activities!$F$2:$F$190,Activities!$B$2:$B$190,$A36,Activities!$C$2:$C$190,"Professional") -> 0 | N36: =SUMIFS(Activities!$F$2:$F$190,Activities!$B$2:$B$190,$A36,Activities!$C$2:$C$190,"Personal") -> 0 | O36: =SUMIFS(Activities!$F$2:$F$190,Activities!$B$2:$B$190,$A36,Activities!$C$2:$C$190,"Relationships") -> 0 | P36: =SUMIFS(Activities!$F$2:$F$190,Activities!$B$2:$B$190,$A36,Activities!$C$2:$C$190,"Leisure and creativity") -> 0 | Q36: 7.5 | S36: 3 | T36: 3 | U36: 4 | V36: 2 | W36: 238 | X36: 5708 | Y36: 0.9 | Z36: =COUNTIFS(Reflections!$A$2:$A$70,$A36) -> 1 | AA36: Filled in the same day | AB36: 0 | AC36: Culte très édifiant ce dimanche.
A37: 46257 | B37: =INDEX({"Monday","Tuesday","Wednesday","Thursday","Friday","Saturday","Sunday"},WEEKDAY($A37,2)) -> Sunday | C37: Yes | D37: =COUNTIFS(Intentions!$B$2:$B$365,$A37) -> 3 | E37: =COUNTIFS(Intentions!$B$2:$B$365,$A37,Intentions!$H$2:$H$365,"<>Planned") -> 3 | F37: =COUNTIFS(Intentions!$B$2:$B$365,$A37,Intentions!$H$2:$H$365,"Done")+COUNTIFS(Intentions!$B$2:$B$365,$A37,Intentions!$H$2:$H$365,"Partial") -> 1 | G37: =IF(E37=0,"",SUMIFS(Intentions!$K$2:$K$365,Intentions!$B$2:$B$365,$A37)/E37) -> 0.33333333 | H37: =SUMIFS(Intentions!$G$2:$G$365,Intentions!$B$2:$B$365,$A37) -> 180 | I37: =SUMIFS(Activities!$F$2:$F$190,Activities!$B$2:$B$190,$A37) -> 84 | J37: =SUMIFS(Activities!$F$2:$F$190,Activities!$B$2:$B$190,$A37,Activities!$C$2:$C$190,"Spiritual") -> 0 | K37: =SUMIFS(Activities!$F$2:$F$190,Activities!$B$2:$B$190,$A37,Activities!$C$2:$C$190,"Physical") -> 0 | L37: =SUMIFS(Activities!$F$2:$F$190,Activities!$B$2:$B$190,$A37,Activities!$C$2:$C$190,"Studies") -> 84 | M37: =SUMIFS(Activities!$F$2:$F$190,Activities!$B$2:$B$190,$A37,Activities!$C$2:$C$190,"Professional") -> 0 | N37: =SUMIFS(Activities!$F$2:$F$190,Activities!$B$2:$B$190,$A37,Activities!$C$2:$C$190,"Personal") -> 0 | O37: =SUMIFS(Activities!$F$2:$F$190,Activities!$B$2:$B$190,$A37,Activities!$C$2:$C$190,"Relationships") -> 0 | P37: =SUMIFS(Activities!$F$2:$F$190,Activities!$B$2:$B$190,$A37,Activities!$C$2:$C$190,"Leisure and creativity") -> 0 | Q37: 6.5 | S37: 3 | T37: 3 | U37: 2 | V37: 4 | W37: 269 | X37: 7270 | Y37: 1.9 | Z37: =COUNTIFS(Reflections!$A$2:$A$70,$A37) -> 2 | AA37: Filled in the same day | AB37: 0
A38: 46258 | B38: =INDEX({"Monday","Tuesday","Wednesday","Thursday","Friday","Saturday","Sunday"},WEEKDAY($A38,2)) -> Monday | C38: Yes | D38: =COUNTIFS(Intentions!$B$2:$B$365,$A38) -> 5 | E38: =COUNTIFS(Intentions!$B$2:$B$365,$A38,Intentions!$H$2:$H$365,"<>Planned") -> 5 | F38: =COUNTIFS(Intentions!$B$2:$B$365,$A38,Intentions!$H$2:$H$365,"Done")+COUNTIFS(Intentions!$B$2:$B$365,$A38,Intentions!$H$2:$H$365,"Partial") -> 1 | G38: =IF(E38=0,"",SUMIFS(Intentions!$K$2:$K$365,Intentions!$B$2:$B$365,$A38)/E38) -> 0.2 | H38: =SUMIFS(Intentions!$G$2:$G$365,Intentions!$B$2:$B$365,$A38) -> 175 | I38: =SUMIFS(Activities!$F$2:$F$190,Activities!$B$2:$B$190,$A38) -> 23 | J38: =SUMIFS(Activities!$F$2:$F$190,Activities!$B$2:$B$190,$A38,Activities!$C$2:$C$190,"Spiritual") -> 23 | K38: =SUMIFS(Activities!$F$2:$F$190,Activities!$B$2:$B$190,$A38,Activities!$C$2:$C$190,"Physical") -> 0 | L38: =SUMIFS(Activities!$F$2:$F$190,Activities!$B$2:$B$190,$A38,Activities!$C$2:$C$190,"Studies") -> 0 | M38: =SUMIFS(Activities!$F$2:$F$190,Activities!$B$2:$B$190,$A38,Activities!$C$2:$C$190,"Professional") -> 0 | N38: =SUMIFS(Activities!$F$2:$F$190,Activities!$B$2:$B$190,$A38,Activities!$C$2:$C$190,"Personal") -> 0 | O38: =SUMIFS(Activities!$F$2:$F$190,Activities!$B$2:$B$190,$A38,Activities!$C$2:$C$190,"Relationships") -> 0 | P38: =SUMIFS(Activities!$F$2:$F$190,Activities!$B$2:$B$190,$A38,Activities!$C$2:$C$190,"Leisure and creativity") -> 0 | Q38: 5.8 | S38: 3 | T38: 3 | U38: 3 | V38: 3 | W38: 214 | X38: 10152 | Y38: 2.2 | Z38: =COUNTIFS(Reflections!$A$2:$A$70,$A38) -> 1 | AA38: Filled in the same day | AB38: 0
A39: 46259 | B39: =INDEX({"Monday","Tuesday","Wednesday","Thursday","Friday","Saturday","Sunday"},WEEKDAY($A39,2)) -> Tuesday | C39: Yes | D39: =COUNTIFS(Intentions!$B$2:$B$365,$A39) -> 7 | E39: =COUNTIFS(Intentions!$B$2:$B$365,$A39,Intentions!$H$2:$H$365,"<>Planned") -> 7 | F39: =COUNTIFS(Intentions!$B$2:$B$365,$A39,Intentions!$H$2:$H$365,"Done")+COUNTIFS(Intentions!$B$2:$B$365,$A39,Intentions!$H$2:$H$365,"Partial") -> 3 | G39: =IF(E39=0,"",SUMIFS(Intentions!$K$2:$K$365,Intentions!$B$2:$B$365,$A39)/E39) -> 0.42857143 | H39: =SUMIFS(Intentions!$G$2:$G$365,Intentions!$B$2:$B$365,$A39) -> 320 | I39: =SUMIFS(Activities!$F$2:$F$190,Activities!$B$2:$B$190,$A39) -> 219 | J39: =SUMIFS(Activities!$F$2:$F$190,Activities!$B$2:$B$190,$A39,Activities!$C$2:$C$190,"Spiritual") -> 17 | K39: =SUMIFS(Activities!$F$2:$F$190,Activities!$B$2:$B$190,$A39,Activities!$C$2:$C$190,"Physical") -> 0 | L39: =SUMIFS(Activities!$F$2:$F$190,Activities!$B$2:$B$190,$A39,Activities!$C$2:$C$190,"Studies") -> 175 | M39: =SUMIFS(Activities!$F$2:$F$190,Activities!$B$2:$B$190,$A39,Activities!$C$2:$C$190,"Professional") -> 0 | N39: =SUMIFS(Activities!$F$2:$F$190,Activities!$B$2:$B$190,$A39,Activities!$C$2:$C$190,"Personal") -> 0 | O39: =SUMIFS(Activities!$F$2:$F$190,Activities!$B$2:$B$190,$A39,Activities!$C$2:$C$190,"Relationships") -> 0 | P39: =SUMIFS(Activities!$F$2:$F$190,Activities!$B$2:$B$190,$A39,Activities!$C$2:$C$190,"Leisure and creativity") -> 27 | Q39: 8.3 | S39: 3 | T39: 4 | U39: 3 | V39: 2 | W39: 279 | X39: 6018 | Y39: 0.9 | Z39: =COUNTIFS(Reflections!$A$2:$A$70,$A39) -> 1 | AA39: Filled in the same day | AB39: 0
A40: 46260 | B40: =INDEX({"Monday","Tuesday","Wednesday","Thursday","Friday","Saturday","Sunday"},WEEKDAY($A40,2)) -> Wednesday | C40: Yes | D40: =COUNTIFS(Intentions!$B$2:$B$365,$A40) -> 6 | E40: =COUNTIFS(Intentions!$B$2:$B$365,$A40,Intentions!$H$2:$H$365,"<>Planned") -> 6 | F40: =COUNTIFS(Intentions!$B$2:$B$365,$A40,Intentions!$H$2:$H$365,"Done")+COUNTIFS(Intentions!$B$2:$B$365,$A40,Intentions!$H$2:$H$365,"Partial") -> 2 | G40: =IF(E40=0,"",SUMIFS(Intentions!$K$2:$K$365,Intentions!$B$2:$B$365,$A40)/E40) -> 0.33333333 | H40: =SUMIFS(Intentions!$G$2:$G$365,Intentions!$B$2:$B$365,$A40) -> 240 | I40: =SUMIFS(Activities!$F$2:$F$190,Activities!$B$2:$B$190,$A40) -> 75 | J40: =SUMIFS(Activities!$F$2:$F$190,Activities!$B$2:$B$190,$A40,Activities!$C$2:$C$190,"Spiritual") -> 16 | K40: =SUMIFS(Activities!$F$2:$F$190,Activities!$B$2:$B$190,$A40,Activities!$C$2:$C$190,"Physical") -> 0 | L40: =SUMIFS(Activities!$F$2:$F$190,Activities!$B$2:$B$190,$A40,Activities!$C$2:$C$190,"Studies") -> 0 | M40: =SUMIFS(Activities!$F$2:$F$190,Activities!$B$2:$B$190,$A40,Activities!$C$2:$C$190,"Professional") -> 59 | N40: =SUMIFS(Activities!$F$2:$F$190,Activities!$B$2:$B$190,$A40,Activities!$C$2:$C$190,"Personal") -> 0 | O40: =SUMIFS(Activities!$F$2:$F$190,Activities!$B$2:$B$190,$A40,Activities!$C$2:$C$190,"Relationships") -> 0 | P40: =SUMIFS(Activities!$F$2:$F$190,Activities!$B$2:$B$190,$A40,Activities!$C$2:$C$190,"Leisure and creativity") -> 0 | Q40: 6.9 | S40: 4 | T40: 5 | U40: 4 | V40: 3 | W40: 270 | X40: 5043 | Y40: 2.4 | Z40: =COUNTIFS(Reflections!$A$2:$A$70,$A40) -> 1 | AA40: Caught up later | AB40: 2
A41: 46261 | B41: =INDEX({"Monday","Tuesday","Wednesday","Thursday","Friday","Saturday","Sunday"},WEEKDAY($A41,2)) -> Thursday | C41: Yes | D41: =COUNTIFS(Intentions!$B$2:$B$365,$A41) -> 2 | E41: =COUNTIFS(Intentions!$B$2:$B$365,$A41,Intentions!$H$2:$H$365,"<>Planned") -> 2 | F41: =COUNTIFS(Intentions!$B$2:$B$365,$A41,Intentions!$H$2:$H$365,"Done")+COUNTIFS(Intentions!$B$2:$B$365,$A41,Intentions!$H$2:$H$365,"Partial") -> 1 | G41: =IF(E41=0,"",SUMIFS(Intentions!$K$2:$K$365,Intentions!$B$2:$B$365,$A41)/E41) -> 0.5 | H41: =SUMIFS(Intentions!$G$2:$G$365,Intentions!$B$2:$B$365,$A41) -> 75 | I41: =SUMIFS(Activities!$F$2:$F$190,Activities!$B$2:$B$190,$A41) -> 20 | J41: =SUMIFS(Activities!$F$2:$F$190,Activities!$B$2:$B$190,$A41,Activities!$C$2:$C$190,"Spiritual") -> 20 | K41: =SUMIFS(Activities!$F$2:$F$190,Activities!$B$2:$B$190,$A41,Activities!$C$2:$C$190,"Physical") -> 0 | L41: =SUMIFS(Activities!$F$2:$F$190,Activities!$B$2:$B$190,$A41,Activities!$C$2:$C$190,"Studies") -> 0 | M41: =SUMIFS(Activities!$F$2:$F$190,Activities!$B$2:$B$190,$A41,Activities!$C$2:$C$190,"Professional") -> 0 | N41: =SUMIFS(Activities!$F$2:$F$190,Activities!$B$2:$B$190,$A41,Activities!$C$2:$C$190,"Personal") -> 0 | O41: =SUMIFS(Activities!$F$2:$F$190,Activities!$B$2:$B$190,$A41,Activities!$C$2:$C$190,"Relationships") -> 0 | P41: =SUMIFS(Activities!$F$2:$F$190,Activities!$B$2:$B$190,$A41,Activities!$C$2:$C$190,"Leisure and creativity") -> 0 | Q41: 6.6 | S41: 2 | T41: 3 | U41: 3 | V41: 2 | W41: 185 | X41: 5280 | Y41: 2.2 | Z41: =COUNTIFS(Reflections!$A$2:$A$70,$A41) -> 3 | AA41: Filled in the same day | AB41: 0
A42: 46262 | B42: =INDEX({"Monday","Tuesday","Wednesday","Thursday","Friday","Saturday","Sunday"},WEEKDAY($A42,2)) -> Friday | C42: Yes | D42: =COUNTIFS(Intentions!$B$2:$B$365,$A42) -> 2 | E42: =COUNTIFS(Intentions!$B$2:$B$365,$A42,Intentions!$H$2:$H$365,"<>Planned") -> 2 | F42: =COUNTIFS(Intentions!$B$2:$B$365,$A42,Intentions!$H$2:$H$365,"Done")+COUNTIFS(Intentions!$B$2:$B$365,$A42,Intentions!$H$2:$H$365,"Partial") -> 2 | G42: =IF(E42=0,"",SUMIFS(Intentions!$K$2:$K$365,Intentions!$B$2:$B$365,$A42)/E42) -> 1 | H42: =SUMIFS(Intentions!$G$2:$G$365,Intentions!$B$2:$B$365,$A42) -> 80 | I42: =SUMIFS(Activities!$F$2:$F$190,Activities!$B$2:$B$190,$A42) -> 90 | J42: =SUMIFS(Activities!$F$2:$F$190,Activities!$B$2:$B$190,$A42,Activities!$C$2:$C$190,"Spiritual") -> 0 | K42: =SUMIFS(Activities!$F$2:$F$190,Activities!$B$2:$B$190,$A42,Activities!$C$2:$C$190,"Physical") -> 0 | L42: =SUMIFS(Activities!$F$2:$F$190,Activities!$B$2:$B$190,$A42,Activities!$C$2:$C$190,"Studies") -> 68 | M42: =SUMIFS(Activities!$F$2:$F$190,Activities!$B$2:$B$190,$A42,Activities!$C$2:$C$190,"Professional") -> 0 | N42: =SUMIFS(Activities!$F$2:$F$190,Activities!$B$2:$B$190,$A42,Activities!$C$2:$C$190,"Personal") -> 0 | O42: =SUMIFS(Activities!$F$2:$F$190,Activities!$B$2:$B$190,$A42,Activities!$C$2:$C$190,"Relationships") -> 22 | P42: =SUMIFS(Activities!$F$2:$F$190,Activities!$B$2:$B$190,$A42,Activities!$C$2:$C$190,"Leisure and creativity") -> 0 | Q42: 7.8 | S42: 4 | T42: 4 | U42: 4 | V42: 1 | W42: 252 | X42: 3809 | Y42: 1.8 | Z42: =COUNTIFS(Reflections!$A$2:$A$70,$A42) -> 0 | AA42: Filled in the same day | AB42: 0
A43: 46263 | B43: =INDEX({"Monday","Tuesday","Wednesday","Thursday","Friday","Saturday","Sunday"},WEEKDAY($A43,2)) -> Saturday | C43: Yes | D43: =COUNTIFS(Intentions!$B$2:$B$365,$A43) -> 3 | E43: =COUNTIFS(Intentions!$B$2:$B$365,$A43,Intentions!$H$2:$H$365,"<>Planned") -> 3 | F43: =COUNTIFS(Intentions!$B$2:$B$365,$A43,Intentions!$H$2:$H$365,"Done")+COUNTIFS(Intentions!$B$2:$B$365,$A43,Intentions!$H$2:$H$365,"Partial") -> 1 | G43: =IF(E43=0,"",SUMIFS(Intentions!$K$2:$K$365,Intentions!$B$2:$B$365,$A43)/E43) -> 0.33333333 | H43: =SUMIFS(Intentions!$G$2:$G$365,Intentions!$B$2:$B$365,$A43) -> 160 | I43: =SUMIFS(Activities!$F$2:$F$190,Activities!$B$2:$B$190,$A43) -> 68 | J43: =SUMIFS(Activities!$F$2:$F$190,Activities!$B$2:$B$190,$A43,Activities!$C$2:$C$190,"Spiritual") -> 0 | K43: =SUMIFS(Activities!$F$2:$F$190,Activities!$B$2:$B$190,$A43,Activities!$C$2:$C$190,"Physical") -> 0 | L43: =SUMIFS(Activities!$F$2:$F$190,Activities!$B$2:$B$190,$A43,Activities!$C$2:$C$190,"Studies") -> 68 | M43: =SUMIFS(Activities!$F$2:$F$190,Activities!$B$2:$B$190,$A43,Activities!$C$2:$C$190,"Professional") -> 0 | N43: =SUMIFS(Activities!$F$2:$F$190,Activities!$B$2:$B$190,$A43,Activities!$C$2:$C$190,"Personal") -> 0 | O43: =SUMIFS(Activities!$F$2:$F$190,Activities!$B$2:$B$190,$A43,Activities!$C$2:$C$190,"Relationships") -> 0 | P43: =SUMIFS(Activities!$F$2:$F$190,Activities!$B$2:$B$190,$A43,Activities!$C$2:$C$190,"Leisure and creativity") -> 0 | Q43: 8.2 | S43: 5 | T43: 4 | U43: 2 | V43: 5 | W43: 175 | X43: 8582 | Y43: 1.8 | Z43: =COUNTIFS(Reflections!$A$2:$A$70,$A43) -> 0 | AA43: Caught up later | AB43: 1
A44: 46264 | B44: =INDEX({"Monday","Tuesday","Wednesday","Thursday","Friday","Saturday","Sunday"},WEEKDAY($A44,2)) -> Sunday | C44: No | D44: =COUNTIFS(Intentions!$B$2:$B$365,$A44) -> 0 | E44: =COUNTIFS(Intentions!$B$2:$B$365,$A44,Intentions!$H$2:$H$365,"<>Planned") -> 0 | F44: =COUNTIFS(Intentions!$B$2:$B$365,$A44,Intentions!$H$2:$H$365,"Done")+COUNTIFS(Intentions!$B$2:$B$365,$A44,Intentions!$H$2:$H$365,"Partial") -> 0 | G44: =IF(E44=0,"",SUMIFS(Intentions!$K$2:$K$365,Intentions!$B$2:$B$365,$A44)/E44) | H44: =SUMIFS(Intentions!$G$2:$G$365,Intentions!$B$2:$B$365,$A44) -> 0 | I44: =SUMIFS(Activities!$F$2:$F$190,Activities!$B$2:$B$190,$A44) -> 0 | J44: =SUMIFS(Activities!$F$2:$F$190,Activities!$B$2:$B$190,$A44,Activities!$C$2:$C$190,"Spiritual") -> 0 | K44: =SUMIFS(Activities!$F$2:$F$190,Activities!$B$2:$B$190,$A44,Activities!$C$2:$C$190,"Physical") -> 0 | L44: =SUMIFS(Activities!$F$2:$F$190,Activities!$B$2:$B$190,$A44,Activities!$C$2:$C$190,"Studies") -> 0 | M44: =SUMIFS(Activities!$F$2:$F$190,Activities!$B$2:$B$190,$A44,Activities!$C$2:$C$190,"Professional") -> 0 | N44: =SUMIFS(Activities!$F$2:$F$190,Activities!$B$2:$B$190,$A44,Activities!$C$2:$C$190,"Personal") -> 0 | O44: =SUMIFS(Activities!$F$2:$F$190,Activities!$B$2:$B$190,$A44,Activities!$C$2:$C$190,"Relationships") -> 0 | P44: =SUMIFS(Activities!$F$2:$F$190,Activities!$B$2:$B$190,$A44,Activities!$C$2:$C$190,"Leisure and creativity") -> 0 | Z44: =COUNTIFS(Reflections!$A$2:$A$70,$A44) -> 0 | AA44: Forgotten (locked)
A45: 46265 | B45: =INDEX({"Monday","Tuesday","Wednesday","Thursday","Friday","Saturday","Sunday"},WEEKDAY($A45,2)) -> Monday | C45: Yes | D45: =COUNTIFS(Intentions!$B$2:$B$365,$A45) -> 6 | E45: =COUNTIFS(Intentions!$B$2:$B$365,$A45,Intentions!$H$2:$H$365,"<>Planned") -> 6 | F45: =COUNTIFS(Intentions!$B$2:$B$365,$A45,Intentions!$H$2:$H$365,"Done")+COUNTIFS(Intentions!$B$2:$B$365,$A45,Intentions!$H$2:$H$365,"Partial") -> 3 | G45: =IF(E45=0,"",SUMIFS(Intentions!$K$2:$K$365,Intentions!$B$2:$B$365,$A45)/E45) -> 0.5 | H45: =SUMIFS(Intentions!$G$2:$G$365,Intentions!$B$2:$B$365,$A45) -> 275 | I45: =SUMIFS(Activities!$F$2:$F$190,Activities!$B$2:$B$190,$A45) -> 57 | J45: =SUMIFS(Activities!$F$2:$F$190,Activities!$B$2:$B$190,$A45,Activities!$C$2:$C$190,"Spiritual") -> 33 | K45: =SUMIFS(Activities!$F$2:$F$190,Activities!$B$2:$B$190,$A45,Activities!$C$2:$C$190,"Physical") -> 24 | L45: =SUMIFS(Activities!$F$2:$F$190,Activities!$B$2:$B$190,$A45,Activities!$C$2:$C$190,"Studies") -> 0 | M45: =SUMIFS(Activities!$F$2:$F$190,Activities!$B$2:$B$190,$A45,Activities!$C$2:$C$190,"Professional") -> 0 | N45: =SUMIFS(Activities!$F$2:$F$190,Activities!$B$2:$B$190,$A45,Activities!$C$2:$C$190,"Personal") -> 0 | O45: =SUMIFS(Activities!$F$2:$F$190,Activities!$B$2:$B$190,$A45,Activities!$C$2:$C$190,"Relationships") -> 0 | P45: =SUMIFS(Activities!$F$2:$F$190,Activities!$B$2:$B$190,$A45,Activities!$C$2:$C$190,"Leisure and creativity") -> 0 | Q45: 4.5 | S45: 1 | T45: 1 | U45: 3 | V45: 4 | W45: 276 | X45: 7412 | Y45: 2.2 | Z45: =COUNTIFS(Reflections!$A$2:$A$70,$A45) -> 0 | AA45: Filled in the same day | AB45: 0
A46: 46266 | B46: =INDEX({"Monday","Tuesday","Wednesday","Thursday","Friday","Saturday","Sunday"},WEEKDAY($A46,2)) -> Tuesday | C46: Yes | D46: =COUNTIFS(Intentions!$B$2:$B$365,$A46) -> 2 | E46: =COUNTIFS(Intentions!$B$2:$B$365,$A46,Intentions!$H$2:$H$365,"<>Planned") -> 2 | F46: =COUNTIFS(Intentions!$B$2:$B$365,$A46,Intentions!$H$2:$H$365,"Done")+COUNTIFS(Intentions!$B$2:$B$365,$A46,Intentions!$H$2:$H$365,"Partial") -> 1 | G46: =IF(E46=0,"",SUMIFS(Intentions!$K$2:$K$365,Intentions!$B$2:$B$365,$A46)/E46) -> 0.5 | H46: =SUMIFS(Intentions!$G$2:$G$365,Intentions!$B$2:$B$365,$A46) -> 90 | I46: =SUMIFS(Activities!$F$2:$F$190,Activities!$B$2:$B$190,$A46) -> 21 | J46: =SUMIFS(Activities!$F$2:$F$190,Activities!$B$2:$B$190,$A46,Activities!$C$2:$C$190,"Spiritual") -> 0 | K46: =SUMIFS(Activities!$F$2:$F$190,Activities!$B$2:$B$190,$A46,Activities!$C$2:$C$190,"Physical") -> 0 | L46: =SUMIFS(Activities!$F$2:$F$190,Activities!$B$2:$B$190,$A46,Activities!$C$2:$C$190,"Studies") -> 0 | M46: =SUMIFS(Activities!$F$2:$F$190,Activities!$B$2:$B$190,$A46,Activities!$C$2:$C$190,"Professional") -> 0 | N46: =SUMIFS(Activities!$F$2:$F$190,Activities!$B$2:$B$190,$A46,Activities!$C$2:$C$190,"Personal") -> 21 | O46: =SUMIFS(Activities!$F$2:$F$190,Activities!$B$2:$B$190,$A46,Activities!$C$2:$C$190,"Relationships") -> 0 | P46: =SUMIFS(Activities!$F$2:$F$190,Activities!$B$2:$B$190,$A46,Activities!$C$2:$C$190,"Leisure and creativity") -> 0 | Q46: 8.6 | S46: 4 | T46: 4 | U46: 3 | V46: 4 | W46: 244 | X46: 3783 | Y46: 1.7 | Z46: =COUNTIFS(Reflections!$A$2:$A$70,$A46) -> 1 | AA46: Filled in the same day | AB46: 0
A47: 46267 | B47: =INDEX({"Monday","Tuesday","Wednesday","Thursday","Friday","Saturday","Sunday"},WEEKDAY($A47,2)) -> Wednesday | C47: Yes | D47: =COUNTIFS(Intentions!$B$2:$B$365,$A47) -> 3 | E47: =COUNTIFS(Intentions!$B$2:$B$365,$A47,Intentions!$H$2:$H$365,"<>Planned") -> 3 | F47: =COUNTIFS(Intentions!$B$2:$B$365,$A47,Intentions!$H$2:$H$365,"Done")+COUNTIFS(Intentions!$B$2:$B$365,$A47,Intentions!$H$2:$H$365,"Partial") -> 1 | G47: =IF(E47=0,"",SUMIFS(Intentions!$K$2:$K$365,Intentions!$B$2:$B$365,$A47)/E47) -> 0.33333333 | H47: =SUMIFS(Intentions!$G$2:$G$365,Intentions!$B$2:$B$365,$A47) -> 135 | I47: =SUMIFS(Activities!$F$2:$F$190,Activities!$B$2:$B$190,$A47) -> 69 | J47: =SUMIFS(Activities!$F$2:$F$190,Activities!$B$2:$B$190,$A47,Activities!$C$2:$C$190,"Spiritual") -> 0 | K47: =SUMIFS(Activities!$F$2:$F$190,Activities!$B$2:$B$190,$A47,Activities!$C$2:$C$190,"Physical") -> 0 | L47: =SUMIFS(Activities!$F$2:$F$190,Activities!$B$2:$B$190,$A47,Activities!$C$2:$C$190,"Studies") -> 69 | M47: =SUMIFS(Activities!$F$2:$F$190,Activities!$B$2:$B$190,$A47,Activities!$C$2:$C$190,"Professional") -> 0 | N47: =SUMIFS(Activities!$F$2:$F$190,Activities!$B$2:$B$190,$A47,Activities!$C$2:$C$190,"Personal") -> 0 | O47: =SUMIFS(Activities!$F$2:$F$190,Activities!$B$2:$B$190,$A47,Activities!$C$2:$C$190,"Relationships") -> 0 | P47: =SUMIFS(Activities!$F$2:$F$190,Activities!$B$2:$B$190,$A47,Activities!$C$2:$C$190,"Leisure and creativity") -> 0 | Q47: 7.3 | S47: 3 | T47: 3 | U47: 3 | V47: 3 | W47: 237 | X47: 6114 | Y47: 2.1 | Z47: =COUNTIFS(Reflections!$A$2:$A$70,$A47) -> 0 | AA47: Filled in the same day | AB47: 0
A48: 46268 | B48: =INDEX({"Monday","Tuesday","Wednesday","Thursday","Friday","Saturday","Sunday"},WEEKDAY($A48,2)) -> Thursday | C48: Yes | D48: =COUNTIFS(Intentions!$B$2:$B$365,$A48) -> 6 | E48: =COUNTIFS(Intentions!$B$2:$B$365,$A48,Intentions!$H$2:$H$365,"<>Planned") -> 6 | F48: =COUNTIFS(Intentions!$B$2:$B$365,$A48,Intentions!$H$2:$H$365,"Done")+COUNTIFS(Intentions!$B$2:$B$365,$A48,Intentions!$H$2:$H$365,"Partial") -> 1 | G48: =IF(E48=0,"",SUMIFS(Intentions!$K$2:$K$365,Intentions!$B$2:$B$365,$A48)/E48) -> 0.16666667 | H48: =SUMIFS(Intentions!$G$2:$G$365,Intentions!$B$2:$B$365,$A48) -> 375 | I48: =SUMIFS(Activities!$F$2:$F$190,Activities!$B$2:$B$190,$A48) -> 150 | J48: =SUMIFS(Activities!$F$2:$F$190,Activities!$B$2:$B$190,$A48,Activities!$C$2:$C$190,"Spiritual") -> 0 | K48: =SUMIFS(Activities!$F$2:$F$190,Activities!$B$2:$B$190,$A48,Activities!$C$2:$C$190,"Physical") -> 0 | L48: =SUMIFS(Activities!$F$2:$F$190,Activities!$B$2:$B$190,$A48,Activities!$C$2:$C$190,"Studies") -> 0 | M48: =SUMIFS(Activities!$F$2:$F$190,Activities!$B$2:$B$190,$A48,Activities!$C$2:$C$190,"Professional") -> 0 | N48: =SUMIFS(Activities!$F$2:$F$190,Activities!$B$2:$B$190,$A48,Activities!$C$2:$C$190,"Personal") -> 30 | O48: =SUMIFS(Activities!$F$2:$F$190,Activities!$B$2:$B$190,$A48,Activities!$C$2:$C$190,"Relationships") -> 0 | P48: =SUMIFS(Activities!$F$2:$F$190,Activities!$B$2:$B$190,$A48,Activities!$C$2:$C$190,"Leisure and creativity") -> 120 | Q48: 7.8 | S48: 3 | T48: 2 | U48: 2 | V48: 5 | W48: 312 | X48: 6022 | Y48: 1.6 | Z48: =COUNTIFS(Reflections!$A$2:$A$70,$A48) -> 2 | AA48: Filled in the same day | AB48: 0 | AC48: Match de football avec les amis du quartier.
A49: 46269 | B49: =INDEX({"Monday","Tuesday","Wednesday","Thursday","Friday","Saturday","Sunday"},WEEKDAY($A49,2)) -> Friday | C49: Yes | D49: =COUNTIFS(Intentions!$B$2:$B$365,$A49) -> 4 | E49: =COUNTIFS(Intentions!$B$2:$B$365,$A49,Intentions!$H$2:$H$365,"<>Planned") -> 4 | F49: =COUNTIFS(Intentions!$B$2:$B$365,$A49,Intentions!$H$2:$H$365,"Done")+COUNTIFS(Intentions!$B$2:$B$365,$A49,Intentions!$H$2:$H$365,"Partial") -> 3 | G49: =IF(E49=0,"",SUMIFS(Intentions!$K$2:$K$365,Intentions!$B$2:$B$365,$A49)/E49) -> 0.75 | H49: =SUMIFS(Intentions!$G$2:$G$365,Intentions!$B$2:$B$365,$A49) -> 220 | I49: =SUMIFS(Activities!$F$2:$F$190,Activities!$B$2:$B$190,$A49) -> 87 | J49: =SUMIFS(Activities!$F$2:$F$190,Activities!$B$2:$B$190,$A49,Activities!$C$2:$C$190,"Spiritual") -> 20 | K49: =SUMIFS(Activities!$F$2:$F$190,Activities!$B$2:$B$190,$A49,Activities!$C$2:$C$190,"Physical") -> 0 | L49: =SUMIFS(Activities!$F$2:$F$190,Activities!$B$2:$B$190,$A49,Activities!$C$2:$C$190,"Studies") -> 52 | M49: =SUMIFS(Activities!$F$2:$F$190,Activities!$B$2:$B$190,$A49,Activities!$C$2:$C$190,"Professional") -> 0 | N49: =SUMIFS(Activities!$F$2:$F$190,Activities!$B$2:$B$190,$A49,Activities!$C$2:$C$190,"Personal") -> 0 | O49: =SUMIFS(Activities!$F$2:$F$190,Activities!$B$2:$B$190,$A49,Activities!$C$2:$C$190,"Relationships") -> 15 | P49: =SUMIFS(Activities!$F$2:$F$190,Activities!$B$2:$B$190,$A49,Activities!$C$2:$C$190,"Leisure and creativity") -> 0 | Q49: 8.7 | S49: 5 | T49: 5 | U49: 4 | V49: 3 | W49: 139 | X49: 2275 | Y49: 1.2 | Z49: =COUNTIFS(Reflections!$A$2:$A$70,$A49) -> 1 | AA49: Filled in the same day | AB49: 0
A50: 46270 | B50: =INDEX({"Monday","Tuesday","Wednesday","Thursday","Friday","Saturday","Sunday"},WEEKDAY($A50,2)) -> Saturday | C50: Yes | D50: =COUNTIFS(Intentions!$B$2:$B$365,$A50) -> 5 | E50: =COUNTIFS(Intentions!$B$2:$B$365,$A50,Intentions!$H$2:$H$365,"<>Planned") -> 5 | F50: =COUNTIFS(Intentions!$B$2:$B$365,$A50,Intentions!$H$2:$H$365,"Done")+COUNTIFS(Intentions!$B$2:$B$365,$A50,Intentions!$H$2:$H$365,"Partial") -> 3 | G50: =IF(E50=0,"",SUMIFS(Intentions!$K$2:$K$365,Intentions!$B$2:$B$365,$A50)/E50) -> 0.6 | H50: =SUMIFS(Intentions!$G$2:$G$365,Intentions!$B$2:$B$365,$A50) -> 195 | I50: =SUMIFS(Activities!$F$2:$F$190,Activities!$B$2:$B$190,$A50) -> 92 | J50: =SUMIFS(Activities!$F$2:$F$190,Activities!$B$2:$B$190,$A50,Activities!$C$2:$C$190,"Spiritual") -> 15 | K50: =SUMIFS(Activities!$F$2:$F$190,Activities!$B$2:$B$190,$A50,Activities!$C$2:$C$190,"Physical") -> 0 | L50: =SUMIFS(Activities!$F$2:$F$190,Activities!$B$2:$B$190,$A50,Activities!$C$2:$C$190,"Studies") -> 52 | M50: =SUMIFS(Activities!$F$2:$F$190,Activities!$B$2:$B$190,$A50,Activities!$C$2:$C$190,"Professional") -> 0 | N50: =SUMIFS(Activities!$F$2:$F$190,Activities!$B$2:$B$190,$A50,Activities!$C$2:$C$190,"Personal") -> 25 | O50: =SUMIFS(Activities!$F$2:$F$190,Activities!$B$2:$B$190,$A50,Activities!$C$2:$C$190,"Relationships") -> 0 | P50: =SUMIFS(Activities!$F$2:$F$190,Activities!$B$2:$B$190,$A50,Activities!$C$2:$C$190,"Leisure and creativity") -> 0 | Q50: 7 | S50: 3 | T50: 3 | U50: 3 | V50: 4 | W50: 192 | X50: 5043 | Y50: 1.4 | Z50: =COUNTIFS(Reflections!$A$2:$A$70,$A50) -> 1 | AA50: Filled in the same day | AB50: 0 | AC50: Projet Python présenté à des amis.
A51: 46271 | B51: =INDEX({"Monday","Tuesday","Wednesday","Thursday","Friday","Saturday","Sunday"},WEEKDAY($A51,2)) -> Sunday | C51: Yes | D51: =COUNTIFS(Intentions!$B$2:$B$365,$A51) -> 4 | E51: =COUNTIFS(Intentions!$B$2:$B$365,$A51,Intentions!$H$2:$H$365,"<>Planned") -> 0 | F51: =COUNTIFS(Intentions!$B$2:$B$365,$A51,Intentions!$H$2:$H$365,"Done")+COUNTIFS(Intentions!$B$2:$B$365,$A51,Intentions!$H$2:$H$365,"Partial") -> 0 | G51: =IF(E51=0,"",SUMIFS(Intentions!$K$2:$K$365,Intentions!$B$2:$B$365,$A51)/E51) | H51: =SUMIFS(Intentions!$G$2:$G$365,Intentions!$B$2:$B$365,$A51) -> 150 | I51: =SUMIFS(Activities!$F$2:$F$190,Activities!$B$2:$B$190,$A51) -> 0 | J51: =SUMIFS(Activities!$F$2:$F$190,Activities!$B$2:$B$190,$A51,Activities!$C$2:$C$190,"Spiritual") -> 0 | K51: =SUMIFS(Activities!$F$2:$F$190,Activities!$B$2:$B$190,$A51,Activities!$C$2:$C$190,"Physical") -> 0 | L51: =SUMIFS(Activities!$F$2:$F$190,Activities!$B$2:$B$190,$A51,Activities!$C$2:$C$190,"Studies") -> 0 | M51: =SUMIFS(Activities!$F$2:$F$190,Activities!$B$2:$B$190,$A51,Activities!$C$2:$C$190,"Professional") -> 0 | N51: =SUMIFS(Activities!$F$2:$F$190,Activities!$B$2:$B$190,$A51,Activities!$C$2:$C$190,"Personal") -> 0 | O51: =SUMIFS(Activities!$F$2:$F$190,Activities!$B$2:$B$190,$A51,Activities!$C$2:$C$190,"Relationships") -> 0 | P51: =SUMIFS(Activities!$F$2:$F$190,Activities!$B$2:$B$190,$A51,Activities!$C$2:$C$190,"Leisure and creativity") -> 0 | Q51: 5.9 | S51: 2 | T51: 3 | U51: 3 | V51: 3 | W51: 170 | X51: 1227 | Y51: 1.8 | Z51: =COUNTIFS(Reflections!$A$2:$A$70,$A51) -> 1 | AA51: Filled in the same day | AB51: 0 | AC51: Match de football avec les amis du quartier.
A52: 46272 | B52: =INDEX({"Monday","Tuesday","Wednesday","Thursday","Friday","Saturday","Sunday"},WEEKDAY($A52,2)) -> Monday | C52: No | D52: =COUNTIFS(Intentions!$B$2:$B$365,$A52) -> 0 | E52: =COUNTIFS(Intentions!$B$2:$B$365,$A52,Intentions!$H$2:$H$365,"<>Planned") -> 0 | F52: =COUNTIFS(Intentions!$B$2:$B$365,$A52,Intentions!$H$2:$H$365,"Done")+COUNTIFS(Intentions!$B$2:$B$365,$A52,Intentions!$H$2:$H$365,"Partial") -> 0 | G52: =IF(E52=0,"",SUMIFS(Intentions!$K$2:$K$365,Intentions!$B$2:$B$365,$A52)/E52) | H52: =SUMIFS(Intentions!$G$2:$G$365,Intentions!$B$2:$B$365,$A52) -> 0 | I52: =SUMIFS(Activities!$F$2:$F$190,Activities!$B$2:$B$190,$A52) -> 0 | J52: =SUMIFS(Activities!$F$2:$F$190,Activities!$B$2:$B$190,$A52,Activities!$C$2:$C$190,"Spiritual") -> 0 | K52: =SUMIFS(Activities!$F$2:$F$190,Activities!$B$2:$B$190,$A52,Activities!$C$2:$C$190,"Physical") -> 0 | L52: =SUMIFS(Activities!$F$2:$F$190,Activities!$B$2:$B$190,$A52,Activities!$C$2:$C$190,"Studies") -> 0 | M52: =SUMIFS(Activities!$F$2:$F$190,Activities!$B$2:$B$190,$A52,Activities!$C$2:$C$190,"Professional") -> 0 | N52: =SUMIFS(Activities!$F$2:$F$190,Activities!$B$2:$B$190,$A52,Activities!$C$2:$C$190,"Personal") -> 0 | O52: =SUMIFS(Activities!$F$2:$F$190,Activities!$B$2:$B$190,$A52,Activities!$C$2:$C$190,"Relationships") -> 0 | P52: =SUMIFS(Activities!$F$2:$F$190,Activities!$B$2:$B$190,$A52,Activities!$C$2:$C$190,"Leisure and creativity") -> 0 | Z52: =COUNTIFS(Reflections!$A$2:$A$70,$A52) -> 0 | AA52: Forgotten (locked)
A53: 46273 | B53: =INDEX({"Monday","Tuesday","Wednesday","Thursday","Friday","Saturday","Sunday"},WEEKDAY($A53,2)) -> Tuesday | C53: Yes | D53: =COUNTIFS(Intentions!$B$2:$B$365,$A53) -> 6 | E53: =COUNTIFS(Intentions!$B$2:$B$365,$A53,Intentions!$H$2:$H$365,"<>Planned") -> 6 | F53: =COUNTIFS(Intentions!$B$2:$B$365,$A53,Intentions!$H$2:$H$365,"Done")+COUNTIFS(Intentions!$B$2:$B$365,$A53,Intentions!$H$2:$H$365,"Partial") -> 1 | G53: =IF(E53=0,"",SUMIFS(Intentions!$K$2:$K$365,Intentions!$B$2:$B$365,$A53)/E53) -> 0.083333333 | H53: =SUMIFS(Intentions!$G$2:$G$365,Intentions!$B$2:$B$365,$A53) -> 335 | I53: =SUMIFS(Activities!$F$2:$F$190,Activities!$B$2:$B$190,$A53) -> 15 | J53: =SUMIFS(Activities!$F$2:$F$190,Activities!$B$2:$B$190,$A53,Activities!$C$2:$C$190,"Spiritual") -> 15 | K53: =SUMIFS(Activities!$F$2:$F$190,Activities!$B$2:$B$190,$A53,Activities!$C$2:$C$190,"Physical") -> 0 | L53: =SUMIFS(Activities!$F$2:$F$190,Activities!$B$2:$B$190,$A53,Activities!$C$2:$C$190,"Studies") -> 0 | M53: =SUMIFS(Activities!$F$2:$F$190,Activities!$B$2:$B$190,$A53,Activities!$C$2:$C$190,"Professional") -> 0 | N53: =SUMIFS(Activities!$F$2:$F$190,Activities!$B$2:$B$190,$A53,Activities!$C$2:$C$190,"Personal") -> 0 | O53: =SUMIFS(Activities!$F$2:$F$190,Activities!$B$2:$B$190,$A53,Activities!$C$2:$C$190,"Relationships") -> 0 | P53: =SUMIFS(Activities!$F$2:$F$190,Activities!$B$2:$B$190,$A53,Activities!$C$2:$C$190,"Leisure and creativity") -> 0 | Q53: 7.7 | S53: 4 | T53: 5 | U53: 3 | V53: 3 | W53: 187 | X53: 3529 | Y53: 2.6 | Z53: =COUNTIFS(Reflections!$A$2:$A$70,$A53) -> 2 | AA53: Filled in the same day | AB53: 0
A54: 46274 | B54: =INDEX({"Monday","Tuesday","Wednesday","Thursday","Friday","Saturday","Sunday"},WEEKDAY($A54,2)) -> Wednesday | C54: Yes | D54: =COUNTIFS(Intentions!$B$2:$B$365,$A54) -> 2 | E54: =COUNTIFS(Intentions!$B$2:$B$365,$A54,Intentions!$H$2:$H$365,"<>Planned") -> 2 | F54: =COUNTIFS(Intentions!$B$2:$B$365,$A54,Intentions!$H$2:$H$365,"Done")+COUNTIFS(Intentions!$B$2:$B$365,$A54,Intentions!$H$2:$H$365,"Partial") -> 2 | G54: =IF(E54=0,"",SUMIFS(Intentions!$K$2:$K$365,Intentions!$B$2:$B$365,$A54)/E54) -> 1 | H54: =SUMIFS(Intentions!$G$2:$G$365,Intentions!$B$2:$B$365,$A54) -> 100 | I54: =SUMIFS(Activities!$F$2:$F$190,Activities!$B$2:$B$190,$A54) -> 151 | J54: =SUMIFS(Activities!$F$2:$F$190,Activities!$B$2:$B$190,$A54,Activities!$C$2:$C$190,"Spiritual") -> 0 | K54: =SUMIFS(Activities!$F$2:$F$190,Activities!$B$2:$B$190,$A54,Activities!$C$2:$C$190,"Physical") -> 26 | L54: =SUMIFS(Activities!$F$2:$F$190,Activities!$B$2:$B$190,$A54,Activities!$C$2:$C$190,"Studies") -> 125 | M54: =SUMIFS(Activities!$F$2:$F$190,Activities!$B$2:$B$190,$A54,Activities!$C$2:$C$190,"Professional") -> 0 | N54: =SUMIFS(Activities!$F$2:$F$190,Activities!$B$2:$B$190,$A54,Activities!$C$2:$C$190,"Personal") -> 0 | O54: =SUMIFS(Activities!$F$2:$F$190,Activities!$B$2:$B$190,$A54,Activities!$C$2:$C$190,"Relationships") -> 0 | P54: =SUMIFS(Activities!$F$2:$F$190,Activities!$B$2:$B$190,$A54,Activities!$C$2:$C$190,"Leisure and creativity") -> 0 | Q54: 5.5 | S54: 3 | T54: 3 | U54: 4 | V54: 3 | W54: 217 | X54: 7609 | Y54: 2.3 | Z54: =COUNTIFS(Reflections!$A$2:$A$70,$A54) -> 0 | AA54: Filled in the same day | AB54: 0
A55: 46275 | B55: =INDEX({"Monday","Tuesday","Wednesday","Thursday","Friday","Saturday","Sunday"},WEEKDAY($A55,2)) -> Thursday | C55: Yes | D55: =COUNTIFS(Intentions!$B$2:$B$365,$A55) -> 7 | E55: =COUNTIFS(Intentions!$B$2:$B$365,$A55,Intentions!$H$2:$H$365,"<>Planned") -> 7 | F55: =COUNTIFS(Intentions!$B$2:$B$365,$A55,Intentions!$H$2:$H$365,"Done")+COUNTIFS(Intentions!$B$2:$B$365,$A55,Intentions!$H$2:$H$365,"Partial") -> 3 | G55: =IF(E55=0,"",SUMIFS(Intentions!$K$2:$K$365,Intentions!$B$2:$B$365,$A55)/E55) -> 0.28571429 | H55: =SUMIFS(Intentions!$G$2:$G$365,Intentions!$B$2:$B$365,$A55) -> 345 | I55: =SUMIFS(Activities!$F$2:$F$190,Activities!$B$2:$B$190,$A55) -> 202 | J55: =SUMIFS(Activities!$F$2:$F$190,Activities!$B$2:$B$190,$A55,Activities!$C$2:$C$190,"Spiritual") -> 0 | K55: =SUMIFS(Activities!$F$2:$F$190,Activities!$B$2:$B$190,$A55,Activities!$C$2:$C$190,"Physical") -> 43 | L55: =SUMIFS(Activities!$F$2:$F$190,Activities!$B$2:$B$190,$A55,Activities!$C$2:$C$190,"Studies") -> 87 | M55: =SUMIFS(Activities!$F$2:$F$190,Activities!$B$2:$B$190,$A55,Activities!$C$2:$C$190,"Professional") -> 0 | N55: =SUMIFS(Activities!$F$2:$F$190,Activities!$B$2:$B$190,$A55,Activities!$C$2:$C$190,"Personal") -> 0 | O55: =SUMIFS(Activities!$F$2:$F$190,Activities!$B$2:$B$190,$A55,Activities!$C$2:$C$190,"Relationships") -> 12 | P55: =SUMIFS(Activities!$F$2:$F$190,Activities!$B$2:$B$190,$A55,Activities!$C$2:$C$190,"Leisure and creativity") -> 60 | Q55: 6.9 | S55: 3 | T55: 3 | U55: 3 | V55: 2 | W55: 262 | X55: 7167 | Y55: 1.6 | Z55: =COUNTIFS(Reflections!$A$2:$A$70,$A55) -> 1 | AA55: Filled in the same day | AB55: 0 | AC55: Match de football avec les amis du quartier.
A56: 46276 | B56: =INDEX({"Monday","Tuesday","Wednesday","Thursday","Friday","Saturday","Sunday"},WEEKDAY($A56,2)) -> Friday | C56: Yes | D56: =COUNTIFS(Intentions!$B$2:$B$365,$A56) -> 6 | E56: =COUNTIFS(Intentions!$B$2:$B$365,$A56,Intentions!$H$2:$H$365,"<>Planned") -> 6 | F56: =COUNTIFS(Intentions!$B$2:$B$365,$A56,Intentions!$H$2:$H$365,"Done")+COUNTIFS(Intentions!$B$2:$B$365,$A56,Intentions!$H$2:$H$365,"Partial") -> 2 | G56: =IF(E56=0,"",SUMIFS(Intentions!$K$2:$K$365,Intentions!$B$2:$B$365,$A56)/E56) -> 0.25 | H56: =SUMIFS(Intentions!$G$2:$G$365,Intentions!$B$2:$B$365,$A56) -> 265 | I56: =SUMIFS(Activities!$F$2:$F$190,Activities!$B$2:$B$190,$A56) -> 55 | J56: =SUMIFS(Activities!$F$2:$F$190,Activities!$B$2:$B$190,$A56,Activities!$C$2:$C$190,"Spiritual") -> 15 | K56: =SUMIFS(Activities!$F$2:$F$190,Activities!$B$2:$B$190,$A56,Activities!$C$2:$C$190,"Physical") -> 0 | L56: =SUMIFS(Activities!$F$2:$F$190,Activities!$B$2:$B$190,$A56,Activities!$C$2:$C$190,"Studies") -> 40 | M56: =SUMIFS(Activities!$F$2:$F$190,Activities!$B$2:$B$190,$A56,Activities!$C$2:$C$190,"Professional") -> 0 | N56: =SUMIFS(Activities!$F$2:$F$190,Activities!$B$2:$B$190,$A56,Activities!$C$2:$C$190,"Personal") -> 0 | O56: =SUMIFS(Activities!$F$2:$F$190,Activities!$B$2:$B$190,$A56,Activities!$C$2:$C$190,"Relationships") -> 0 | P56: =SUMIFS(Activities!$F$2:$F$190,Activities!$B$2:$B$190,$A56,Activities!$C$2:$C$190,"Leisure and creativity") -> 0 | Q56: 6.4 | S56: 3 | T56: 3 | U56: 3 | V56: 4 | W56: 125 | X56: 7261 | Y56: 1.7 | Z56: =COUNTIFS(Reflections!$A$2:$A$70,$A56) -> 1 | AA56: Filled in the same day | AB56: 0
A57: 46277 | B57: =INDEX({"Monday","Tuesday","Wednesday","Thursday","Friday","Saturday","Sunday"},WEEKDAY($A57,2)) -> Saturday | C57: No | D57: =COUNTIFS(Intentions!$B$2:$B$365,$A57) -> 0 | E57: =COUNTIFS(Intentions!$B$2:$B$365,$A57,Intentions!$H$2:$H$365,"<>Planned") -> 0 | F57: =COUNTIFS(Intentions!$B$2:$B$365,$A57,Intentions!$H$2:$H$365,"Done")+COUNTIFS(Intentions!$B$2:$B$365,$A57,Intentions!$H$2:$H$365,"Partial") -> 0 | G57: =IF(E57=0,"",SUMIFS(Intentions!$K$2:$K$365,Intentions!$B$2:$B$365,$A57)/E57) | H57: =SUMIFS(Intentions!$G$2:$G$365,Intentions!$B$2:$B$365,$A57) -> 0 | I57: =SUMIFS(Activities!$F$2:$F$190,Activities!$B$2:$B$190,$A57) -> 0 | J57: =SUMIFS(Activities!$F$2:$F$190,Activities!$B$2:$B$190,$A57,Activities!$C$2:$C$190,"Spiritual") -> 0 | K57: =SUMIFS(Activities!$F$2:$F$190,Activities!$B$2:$B$190,$A57,Activities!$C$2:$C$190,"Physical") -> 0 | L57: =SUMIFS(Activities!$F$2:$F$190,Activities!$B$2:$B$190,$A57,Activities!$C$2:$C$190,"Studies") -> 0 | M57: =SUMIFS(Activities!$F$2:$F$190,Activities!$B$2:$B$190,$A57,Activities!$C$2:$C$190,"Professional") -> 0 | N57: =SUMIFS(Activities!$F$2:$F$190,Activities!$B$2:$B$190,$A57,Activities!$C$2:$C$190,"Personal") -> 0 | O57: =SUMIFS(Activities!$F$2:$F$190,Activities!$B$2:$B$190,$A57,Activities!$C$2:$C$190,"Relationships") -> 0 | P57: =SUMIFS(Activities!$F$2:$F$190,Activities!$B$2:$B$190,$A57,Activities!$C$2:$C$190,"Leisure and creativity") -> 0 | Z57: =COUNTIFS(Reflections!$A$2:$A$70,$A57) -> 0 | AA57: Forgotten (locked)
A58: 46278 | B58: =INDEX({"Monday","Tuesday","Wednesday","Thursday","Friday","Saturday","Sunday"},WEEKDAY($A58,2)) -> Sunday | C58: Yes | D58: =COUNTIFS(Intentions!$B$2:$B$365,$A58) -> 2 | E58: =COUNTIFS(Intentions!$B$2:$B$365,$A58,Intentions!$H$2:$H$365,"<>Planned") -> 2 | F58: =COUNTIFS(Intentions!$B$2:$B$365,$A58,Intentions!$H$2:$H$365,"Done")+COUNTIFS(Intentions!$B$2:$B$365,$A58,Intentions!$H$2:$H$365,"Partial") -> 1 | G58: =IF(E58=0,"",SUMIFS(Intentions!$K$2:$K$365,Intentions!$B$2:$B$365,$A58)/E58) -> 0.5 | H58: =SUMIFS(Intentions!$G$2:$G$365,Intentions!$B$2:$B$365,$A58) -> 80 | I58: =SUMIFS(Activities!$F$2:$F$190,Activities!$B$2:$B$190,$A58) -> 144 | J58: =SUMIFS(Activities!$F$2:$F$190,Activities!$B$2:$B$190,$A58,Activities!$C$2:$C$190,"Spiritual") -> 0 | K58: =SUMIFS(Activities!$F$2:$F$190,Activities!$B$2:$B$190,$A58,Activities!$C$2:$C$190,"Physical") -> 0 | L58: =SUMIFS(Activities!$F$2:$F$190,Activities!$B$2:$B$190,$A58,Activities!$C$2:$C$190,"Studies") -> 0 | M58: =SUMIFS(Activities!$F$2:$F$190,Activities!$B$2:$B$190,$A58,Activities!$C$2:$C$190,"Professional") -> 0 | N58: =SUMIFS(Activities!$F$2:$F$190,Activities!$B$2:$B$190,$A58,Activities!$C$2:$C$190,"Personal") -> 0 | O58: =SUMIFS(Activities!$F$2:$F$190,Activities!$B$2:$B$190,$A58,Activities!$C$2:$C$190,"Relationships") -> 24 | P58: =SUMIFS(Activities!$F$2:$F$190,Activities!$B$2:$B$190,$A58,Activities!$C$2:$C$190,"Leisure and creativity") -> 120 | Q58: 7.1 | S58: 3 | T58: 4 | U58: 4 | V58: 4 | W58: 241 | X58: 7092 | Y58: 1.9 | Z58: =COUNTIFS(Reflections!$A$2:$A$70,$A58) -> 1 | AA58: Filled in the same day | AB58: 0
A59: 46279 | B59: =INDEX({"Monday","Tuesday","Wednesday","Thursday","Friday","Saturday","Sunday"},WEEKDAY($A59,2)) -> Monday | C59: Yes | D59: =COUNTIFS(Intentions!$B$2:$B$365,$A59) -> 4 | E59: =COUNTIFS(Intentions!$B$2:$B$365,$A59,Intentions!$H$2:$H$365,"<>Planned") -> 4 | F59: =COUNTIFS(Intentions!$B$2:$B$365,$A59,Intentions!$H$2:$H$365,"Done")+COUNTIFS(Intentions!$B$2:$B$365,$A59,Intentions!$H$2:$H$365,"Partial") -> 2 | G59: =IF(E59=0,"",SUMIFS(Intentions!$K$2:$K$365,Intentions!$B$2:$B$365,$A59)/E59) -> 0.375 | H59: =SUMIFS(Intentions!$G$2:$G$365,Intentions!$B$2:$B$365,$A59) -> 205 | I59: =SUMIFS(Activities!$F$2:$F$190,Activities!$B$2:$B$190,$A59) -> 114 | J59: =SUMIFS(Activities!$F$2:$F$190,Activities!$B$2:$B$190,$A59,Activities!$C$2:$C$190,"Spiritual") -> 0 | K59: =SUMIFS(Activities!$F$2:$F$190,Activities!$B$2:$B$190,$A59,Activities!$C$2:$C$190,"Physical") -> 38 | L59: =SUMIFS(Activities!$F$2:$F$190,Activities!$B$2:$B$190,$A59,Activities!$C$2:$C$190,"Studies") -> 0 | M59: =SUMIFS(Activities!$F$2:$F$190,Activities!$B$2:$B$190,$A59,Activities!$C$2:$C$190,"Professional") -> 0 | N59: =SUMIFS(Activities!$F$2:$F$190,Activities!$B$2:$B$190,$A59,Activities!$C$2:$C$190,"Personal") -> 0 | O59: =SUMIFS(Activities!$F$2:$F$190,Activities!$B$2:$B$190,$A59,Activities!$C$2:$C$190,"Relationships") -> 0 | P59: =SUMIFS(Activities!$F$2:$F$190,Activities!$B$2:$B$190,$A59,Activities!$C$2:$C$190,"Leisure and creativity") -> 76 | Q59: 7.4 | S59: 4 | T59: 3 | U59: 4 | V59: 2 | W59: 203 | X59: 8999 | Y59: 1.5 | Z59: =COUNTIFS(Reflections!$A$2:$A$70,$A59) -> 0 | AA59: Filled in the same day | AB59: 0
A60: 46280 | B60: =INDEX({"Monday","Tuesday","Wednesday","Thursday","Friday","Saturday","Sunday"},WEEKDAY($A60,2)) -> Tuesday | C60: Yes | D60: =COUNTIFS(Intentions!$B$2:$B$365,$A60) -> 4 | E60: =COUNTIFS(Intentions!$B$2:$B$365,$A60,Intentions!$H$2:$H$365,"<>Planned") -> 4 | F60: =COUNTIFS(Intentions!$B$2:$B$365,$A60,Intentions!$H$2:$H$365,"Done")+COUNTIFS(Intentions!$B$2:$B$365,$A60,Intentions!$H$2:$H$365,"Partial") -> 1 | G60: =IF(E60=0,"",SUMIFS(Intentions!$K$2:$K$365,Intentions!$B$2:$B$365,$A60)/E60) -> 0.25 | H60: =SUMIFS(Intentions!$G$2:$G$365,Intentions!$B$2:$B$365,$A60) -> 185 | I60: =SUMIFS(Activities!$F$2:$F$190,Activities!$B$2:$B$190,$A60) -> 175 | J60: =SUMIFS(Activities!$F$2:$F$190,Activities!$B$2:$B$190,$A60,Activities!$C$2:$C$190,"Spiritual") -> 0 | K60: =SUMIFS(Activities!$F$2:$F$190,Activities!$B$2:$B$190,$A60,Activities!$C$2:$C$190,"Physical") -> 0 | L60: =SUMIFS(Activities!$F$2:$F$190,Activities!$B$2:$B$190,$A60,Activities!$C$2:$C$190,"Studies") -> 55 | M60: =SUMIFS(Activities!$F$2:$F$190,Activities!$B$2:$B$190,$A60,Activities!$C$2:$C$190,"Professional") -> 0 | N60: =SUMIFS(Activities!$F$2:$F$190,Activities!$B$2:$B$190,$A60,Activities!$C$2:$C$190,"Personal") -> 0 | O60: =SUMIFS(Activities!$F$2:$F$190,Activities!$B$2:$B$190,$A60,Activities!$C$2:$C$190,"Relationships") -> 0 | P60: =SUMIFS(Activities!$F$2:$F$190,Activities!$B$2:$B$190,$A60,Activities!$C$2:$C$190,"Leisure and creativity") -> 120 | Q60: 7.1 | S60: 3 | T60: 3 | U60: 2 | V60: 3 | W60: 257 | X60: 2313 | Y60: 2.1 | Z60: =COUNTIFS(Reflections!$A$2:$A$70,$A60) -> 0 | AA60: Filled in the same day | AB60: 0
A61: 46281 | B61: =INDEX({"Monday","Tuesday","Wednesday","Thursday","Friday","Saturday","Sunday"},WEEKDAY($A61,2)) -> Wednesday | C61: Yes | D61: =COUNTIFS(Intentions!$B$2:$B$365,$A61) -> 5 | E61: =COUNTIFS(Intentions!$B$2:$B$365,$A61,Intentions!$H$2:$H$365,"<>Planned") -> 5 | F61: =COUNTIFS(Intentions!$B$2:$B$365,$A61,Intentions!$H$2:$H$365,"Done")+COUNTIFS(Intentions!$B$2:$B$365,$A61,Intentions!$H$2:$H$365,"Partial") -> 2 | G61: =IF(E61=0,"",SUMIFS(Intentions!$K$2:$K$365,Intentions!$B$2:$B$365,$A61)/E61) -> 0.3 | H61: =SUMIFS(Intentions!$G$2:$G$365,Intentions!$B$2:$B$365,$A61) -> 245 | I61: =SUMIFS(Activities!$F$2:$F$190,Activities!$B$2:$B$190,$A61) -> 52 | J61: =SUMIFS(Activities!$F$2:$F$190,Activities!$B$2:$B$190,$A61,Activities!$C$2:$C$190,"Spiritual") -> 12 | K61: =SUMIFS(Activities!$F$2:$F$190,Activities!$B$2:$B$190,$A61,Activities!$C$2:$C$190,"Physical") -> 0 | L61: =SUMIFS(Activities!$F$2:$F$190,Activities!$B$2:$B$190,$A61,Activities!$C$2:$C$190,"Studies") -> 40 | M61: =SUMIFS(Activities!$F$2:$F$190,Activities!$B$2:$B$190,$A61,Activities!$C$2:$C$190,"Professional") -> 0 | N61: =SUMIFS(Activities!$F$2:$F$190,Activities!$B$2:$B$190,$A61,Activities!$C$2:$C$190,"Personal") -> 0 | O61: =SUMIFS(Activities!$F$2:$F$190,Activities!$B$2:$B$190,$A61,Activities!$C$2:$C$190,"Relationships") -> 0 | P61: =SUMIFS(Activities!$F$2:$F$190,Activities!$B$2:$B$190,$A61,Activities!$C$2:$C$190,"Leisure and creativity") -> 0 | Q61: 5.7 | S61: 1 | T61: 1 | U61: 2 | V61: 2 | W61: 263 | X61: 9750 | Y61: 1.4 | Z61: =COUNTIFS(Reflections!$A$2:$A$70,$A61) -> 1 | AA61: Filled in the same day | AB61: 0 | AC61: Match de football avec les amis du quartier.
A62: 46282 | B62: =INDEX({"Monday","Tuesday","Wednesday","Thursday","Friday","Saturday","Sunday"},WEEKDAY($A62,2)) -> Thursday | C62: Yes | D62: =COUNTIFS(Intentions!$B$2:$B$365,$A62) -> 5 | E62: =COUNTIFS(Intentions!$B$2:$B$365,$A62,Intentions!$H$2:$H$365,"<>Planned") -> 5 | F62: =COUNTIFS(Intentions!$B$2:$B$365,$A62,Intentions!$H$2:$H$365,"Done")+COUNTIFS(Intentions!$B$2:$B$365,$A62,Intentions!$H$2:$H$365,"Partial") -> 3 | G62: =IF(E62=0,"",SUMIFS(Intentions!$K$2:$K$365,Intentions!$B$2:$B$365,$A62)/E62) -> 0.6 | H62: =SUMIFS(Intentions!$G$2:$G$365,Intentions!$B$2:$B$365,$A62) -> 255 | I62: =SUMIFS(Activities!$F$2:$F$190,Activities!$B$2:$B$190,$A62) -> 298 | J62: =SUMIFS(Activities!$F$2:$F$190,Activities!$B$2:$B$190,$A62,Activities!$C$2:$C$190,"Spiritual") -> 0 | K62: =SUMIFS(Activities!$F$2:$F$190,Activities!$B$2:$B$190,$A62,Activities!$C$2:$C$190,"Physical") -> 0 | L62: =SUMIFS(Activities!$F$2:$F$190,Activities!$B$2:$B$190,$A62,Activities!$C$2:$C$190,"Studies") -> 147 | M62: =SUMIFS(Activities!$F$2:$F$190,Activities!$B$2:$B$190,$A62,Activities!$C$2:$C$190,"Professional") -> 61 | N62: =SUMIFS(Activities!$F$2:$F$190,Activities!$B$2:$B$190,$A62,Activities!$C$2:$C$190,"Personal") -> 0 | O62: =SUMIFS(Activities!$F$2:$F$190,Activities!$B$2:$B$190,$A62,Activities!$C$2:$C$190,"Relationships") -> 0 | P62: =SUMIFS(Activities!$F$2:$F$190,Activities!$B$2:$B$190,$A62,Activities!$C$2:$C$190,"Leisure and creativity") -> 90 | Q62: 5.5 | S62: 3 | T62: 3 | U62: 3 | V62: 2 | W62: 160 | X62: 4648 | Y62: 1.8 | Z62: =COUNTIFS(Reflections!$A$2:$A$70,$A62) -> 2 | AA62: Filled in the same day | AB62: 0 | AC62: Match de football avec les amis du quartier.
A63: 46283 | B63: =INDEX({"Monday","Tuesday","Wednesday","Thursday","Friday","Saturday","Sunday"},WEEKDAY($A63,2)) -> Friday | C63: Yes | D63: =COUNTIFS(Intentions!$B$2:$B$365,$A63) -> 5 | E63: =COUNTIFS(Intentions!$B$2:$B$365,$A63,Intentions!$H$2:$H$365,"<>Planned") -> 5 | F63: =COUNTIFS(Intentions!$B$2:$B$365,$A63,Intentions!$H$2:$H$365,"Done")+COUNTIFS(Intentions!$B$2:$B$365,$A63,Intentions!$H$2:$H$365,"Partial") -> 3 | G63: =IF(E63=0,"",SUMIFS(Intentions!$K$2:$K$365,Intentions!$B$2:$B$365,$A63)/E63) -> 0.6 | H63: =SUMIFS(Intentions!$G$2:$G$365,Intentions!$B$2:$B$365,$A63) -> 170 | I63: =SUMIFS(Activities!$F$2:$F$190,Activities!$B$2:$B$190,$A63) -> 55 | J63: =SUMIFS(Activities!$F$2:$F$190,Activities!$B$2:$B$190,$A63,Activities!$C$2:$C$190,"Spiritual") -> 37 | K63: =SUMIFS(Activities!$F$2:$F$190,Activities!$B$2:$B$190,$A63,Activities!$C$2:$C$190,"Physical") -> 0 | L63: =SUMIFS(Activities!$F$2:$F$190,Activities!$B$2:$B$190,$A63,Activities!$C$2:$C$190,"Studies") -> 0 | M63: =SUMIFS(Activities!$F$2:$F$190,Activities!$B$2:$B$190,$A63,Activities!$C$2:$C$190,"Professional") -> 0 | N63: =SUMIFS(Activities!$F$2:$F$190,Activities!$B$2:$B$190,$A63,Activities!$C$2:$C$190,"Personal") -> 18 | O63: =SUMIFS(Activities!$F$2:$F$190,Activities!$B$2:$B$190,$A63,Activities!$C$2:$C$190,"Relationships") -> 0 | P63: =SUMIFS(Activities!$F$2:$F$190,Activities!$B$2:$B$190,$A63,Activities!$C$2:$C$190,"Leisure and creativity") -> 0 | Q63: 7 | S63: 3 | T63: 2 | U63: 3 | V63: 3 | W63: 133 | X63: 7561 | Y63: 1.4 | Z63: =COUNTIFS(Reflections!$A$2:$A$70,$A63) -> 1 | AA63: Filled in the same day | AB63: 0 | AC63: Belle discussion avec un mentor sur ma carrière.
A64: 46284 | B64: =INDEX({"Monday","Tuesday","Wednesday","Thursday","Friday","Saturday","Sunday"},WEEKDAY($A64,2)) -> Saturday | C64: Yes | D64: =COUNTIFS(Intentions!$B$2:$B$365,$A64) -> 6 | E64: =COUNTIFS(Intentions!$B$2:$B$365,$A64,Intentions!$H$2:$H$365,"<>Planned") -> 6 | F64: =COUNTIFS(Intentions!$B$2:$B$365,$A64,Intentions!$H$2:$H$365,"Done")+COUNTIFS(Intentions!$B$2:$B$365,$A64,Intentions!$H$2:$H$365,"Partial") -> 2 | G64: =IF(E64=0,"",SUMIFS(Intentions!$K$2:$K$365,Intentions!$B$2:$B$365,$A64)/E64) -> 0.33333333 | H64: =SUMIFS(Intentions!$G$2:$G$365,Intentions!$B$2:$B$365,$A64) -> 305 | I64: =SUMIFS(Activities!$F$2:$F$190,Activities!$B$2:$B$190,$A64) -> 291 | J64: =SUMIFS(Activities!$F$2:$F$190,Activities!$B$2:$B$190,$A64,Activities!$C$2:$C$190,"Spiritual") -> 16 | K64: =SUMIFS(Activities!$F$2:$F$190,Activities!$B$2:$B$190,$A64,Activities!$C$2:$C$190,"Physical") -> 0 | L64: =SUMIFS(Activities!$F$2:$F$190,Activities!$B$2:$B$190,$A64,Activities!$C$2:$C$190,"Studies") -> 155 | M64: =SUMIFS(Activities!$F$2:$F$190,Activities!$B$2:$B$190,$A64,Activities!$C$2:$C$190,"Professional") -> 0 | N64: =SUMIFS(Activities!$F$2:$F$190,Activities!$B$2:$B$190,$A64,Activities!$C$2:$C$190,"Personal") -> 0 | O64: =SUMIFS(Activities!$F$2:$F$190,Activities!$B$2:$B$190,$A64,Activities!$C$2:$C$190,"Relationships") -> 0 | P64: =SUMIFS(Activities!$F$2:$F$190,Activities!$B$2:$B$190,$A64,Activities!$C$2:$C$190,"Leisure and creativity") -> 120 | Q64: 7.8 | S64: 3 | T64: 3 | U64: 3 | V64: 4 | W64: 225 | X64: 3536 | Y64: 1.7 | Z64: =COUNTIFS(Reflections!$A$2:$A$70,$A64) -> 2 | AA64: Filled in the same day | AB64: 0
A65: 46285 | B65: =INDEX({"Monday","Tuesday","Wednesday","Thursday","Friday","Saturday","Sunday"},WEEKDAY($A65,2)) -> Sunday | C65: Yes | D65: =COUNTIFS(Intentions!$B$2:$B$365,$A65) -> 4 | E65: =COUNTIFS(Intentions!$B$2:$B$365,$A65,Intentions!$H$2:$H$365,"<>Planned") -> 4 | F65: =COUNTIFS(Intentions!$B$2:$B$365,$A65,Intentions!$H$2:$H$365,"Done")+COUNTIFS(Intentions!$B$2:$B$365,$A65,Intentions!$H$2:$H$365,"Partial") -> 3 | G65: =IF(E65=0,"",SUMIFS(Intentions!$K$2:$K$365,Intentions!$B$2:$B$365,$A65)/E65) -> 0.75 | H65: =SUMIFS(Intentions!$G$2:$G$365,Intentions!$B$2:$B$365,$A65) -> 165 | I65: =SUMIFS(Activities!$F$2:$F$190,Activities!$B$2:$B$190,$A65) -> 135 | J65: =SUMIFS(Activities!$F$2:$F$190,Activities!$B$2:$B$190,$A65,Activities!$C$2:$C$190,"Spiritual") -> 19 | K65: =SUMIFS(Activities!$F$2:$F$190,Activities!$B$2:$B$190,$A65,Activities!$C$2:$C$190,"Physical") -> 0 | L65: =SUMIFS(Activities!$F$2:$F$190,Activities!$B$2:$B$190,$A65,Activities!$C$2:$C$190,"Studies") -> 62 | M65: =SUMIFS(Activities!$F$2:$F$190,Activities!$B$2:$B$190,$A65,Activities!$C$2:$C$190,"Professional") -> 54 | N65: =SUMIFS(Activities!$F$2:$F$190,Activities!$B$2:$B$190,$A65,Activities!$C$2:$C$190,"Personal") -> 0 | O65: =SUMIFS(Activities!$F$2:$F$190,Activities!$B$2:$B$190,$A65,Activities!$C$2:$C$190,"Relationships") -> 0 | P65: =SUMIFS(Activities!$F$2:$F$190,Activities!$B$2:$B$190,$A65,Activities!$C$2:$C$190,"Leisure and creativity") -> 0 | Q65: 6.1 | S65: 2 | T65: 1 | U65: 3 | V65: 2 | W65: 143 | X65: 10445 | Y65: 1.3 | Z65: =COUNTIFS(Reflections!$A$2:$A$70,$A65) -> 0 | AA65: Caught up later | AB65: 2
A66: 46286 | B66: =INDEX({"Monday","Tuesday","Wednesday","Thursday","Friday","Saturday","Sunday"},WEEKDAY($A66,2)) -> Monday | C66: Yes | D66: =COUNTIFS(Intentions!$B$2:$B$365,$A66) -> 2 | E66: =COUNTIFS(Intentions!$B$2:$B$365,$A66,Intentions!$H$2:$H$365,"<>Planned") -> 2 | F66: =COUNTIFS(Intentions!$B$2:$B$365,$A66,Intentions!$H$2:$H$365,"Done")+COUNTIFS(Intentions!$B$2:$B$365,$A66,Intentions!$H$2:$H$365,"Partial") -> 1 | G66: =IF(E66=0,"",SUMIFS(Intentions!$K$2:$K$365,Intentions!$B$2:$B$365,$A66)/E66) -> 0.5 | H66: =SUMIFS(Intentions!$G$2:$G$365,Intentions!$B$2:$B$365,$A66) -> 180 | I66: =SUMIFS(Activities!$F$2:$F$190,Activities!$B$2:$B$190,$A66) -> 63 | J66: =SUMIFS(Activities!$F$2:$F$190,Activities!$B$2:$B$190,$A66,Activities!$C$2:$C$190,"Spiritual") -> 0 | K66: =SUMIFS(Activities!$F$2:$F$190,Activities!$B$2:$B$190,$A66,Activities!$C$2:$C$190,"Physical") -> 0 | L66: =SUMIFS(Activities!$F$2:$F$190,Activities!$B$2:$B$190,$A66,Activities!$C$2:$C$190,"Studies") -> 63 | M66: =SUMIFS(Activities!$F$2:$F$190,Activities!$B$2:$B$190,$A66,Activities!$C$2:$C$190,"Professional") -> 0 | N66: =SUMIFS(Activities!$F$2:$F$190,Activities!$B$2:$B$190,$A66,Activities!$C$2:$C$190,"Personal") -> 0 | O66: =SUMIFS(Activities!$F$2:$F$190,Activities!$B$2:$B$190,$A66,Activities!$C$2:$C$190,"Relationships") -> 0 | P66: =SUMIFS(Activities!$F$2:$F$190,Activities!$B$2:$B$190,$A66,Activities!$C$2:$C$190,"Leisure and creativity") -> 0 | Q66: 6 | S66: 3 | T66: 3 | U66: 3 | V66: 2 | W66: 248 | X66: 9301 | Y66: 1.9 | Z66: =COUNTIFS(Reflections!$A$2:$A$70,$A66) -> 0 | AA66: Filled in the same day | AB66: 0
A67: 46287 | B67: =INDEX({"Monday","Tuesday","Wednesday","Thursday","Friday","Saturday","Sunday"},WEEKDAY($A67,2)) -> Tuesday | C67: Yes | D67: =COUNTIFS(Intentions!$B$2:$B$365,$A67) -> 3 | E67: =COUNTIFS(Intentions!$B$2:$B$365,$A67,Intentions!$H$2:$H$365,"<>Planned") -> 3 | F67: =COUNTIFS(Intentions!$B$2:$B$365,$A67,Intentions!$H$2:$H$365,"Done")+COUNTIFS(Intentions!$B$2:$B$365,$A67,Intentions!$H$2:$H$365,"Partial") -> 0 | G67: =IF(E67=0,"",SUMIFS(Intentions!$K$2:$K$365,Intentions!$B$2:$B$365,$A67)/E67) -> 0 | H67: =SUMIFS(Intentions!$G$2:$G$365,Intentions!$B$2:$B$365,$A67) -> 100 | I67: =SUMIFS(Activities!$F$2:$F$190,Activities!$B$2:$B$190,$A67) -> 0 | J67: =SUMIFS(Activities!$F$2:$F$190,Activities!$B$2:$B$190,$A67,Activities!$C$2:$C$190,"Spiritual") -> 0 | K67: =SUMIFS(Activities!$F$2:$F$190,Activities!$B$2:$B$190,$A67,Activities!$C$2:$C$190,"Physical") -> 0 | L67: =SUMIFS(Activities!$F$2:$F$190,Activities!$B$2:$B$190,$A67,Activities!$C$2:$C$190,"Studies") -> 0 | M67: =SUMIFS(Activities!$F$2:$F$190,Activities!$B$2:$B$190,$A67,Activities!$C$2:$C$190,"Professional") -> 0 | N67: =SUMIFS(Activities!$F$2:$F$190,Activities!$B$2:$B$190,$A67,Activities!$C$2:$C$190,"Personal") -> 0 | O67: =SUMIFS(Activities!$F$2:$F$190,Activities!$B$2:$B$190,$A67,Activities!$C$2:$C$190,"Relationships") -> 0 | P67: =SUMIFS(Activities!$F$2:$F$190,Activities!$B$2:$B$190,$A67,Activities!$C$2:$C$190,"Leisure and creativity") -> 0 | Q67: 6.6 | S67: 2 | T67: 2 | U67: 3 | V67: 3 | W67: 200 | X67: 11461 | Y67: 2.5 | Z67: =COUNTIFS(Reflections!$A$2:$A$70,$A67) -> 1 | AA67: Filled in the same day | AB67: 0
A68: 46288 | B68: =INDEX({"Monday","Tuesday","Wednesday","Thursday","Friday","Saturday","Sunday"},WEEKDAY($A68,2)) -> Wednesday | C68: Yes | D68: =COUNTIFS(Intentions!$B$2:$B$365,$A68) -> 3 | E68: =COUNTIFS(Intentions!$B$2:$B$365,$A68,Intentions!$H$2:$H$365,"<>Planned") -> 3 | F68: =COUNTIFS(Intentions!$B$2:$B$365,$A68,Intentions!$H$2:$H$365,"Done")+COUNTIFS(Intentions!$B$2:$B$365,$A68,Intentions!$H$2:$H$365,"Partial") -> 3 | G68: =IF(E68=0,"",SUMIFS(Intentions!$K$2:$K$365,Intentions!$B$2:$B$365,$A68)/E68) -> 1 | H68: =SUMIFS(Intentions!$G$2:$G$365,Intentions!$B$2:$B$365,$A68) -> 130 | I68: =SUMIFS(Activities!$F$2:$F$190,Activities!$B$2:$B$190,$A68) -> 182 | J68: =SUMIFS(Activities!$F$2:$F$190,Activities!$B$2:$B$190,$A68,Activities!$C$2:$C$190,"Spiritual") -> 0 | K68: =SUMIFS(Activities!$F$2:$F$190,Activities!$B$2:$B$190,$A68,Activities!$C$2:$C$190,"Physical") -> 35 | L68: =SUMIFS(Activities!$F$2:$F$190,Activities!$B$2:$B$190,$A68,Activities!$C$2:$C$190,"Studies") -> 116 | M68: =SUMIFS(Activities!$F$2:$F$190,Activities!$B$2:$B$190,$A68,Activities!$C$2:$C$190,"Professional") -> 0 | N68: =SUMIFS(Activities!$F$2:$F$190,Activities!$B$2:$B$190,$A68,Activities!$C$2:$C$190,"Personal") -> 0 | O68: =SUMIFS(Activities!$F$2:$F$190,Activities!$B$2:$B$190,$A68,Activities!$C$2:$C$190,"Relationships") -> 0 | P68: =SUMIFS(Activities!$F$2:$F$190,Activities!$B$2:$B$190,$A68,Activities!$C$2:$C$190,"Leisure and creativity") -> 31 | Q68: 8.1 | S68: 5 | T68: 5 | U68: 4 | V68: 3 | W68: 195 | X68: 10098 | Y68: 1.7 | Z68: =COUNTIFS(Reflections!$A$2:$A$70,$A68) -> 1 | AA68: Filled in the same day | AB68: 0
A69: 46289 | B69: =INDEX({"Monday","Tuesday","Wednesday","Thursday","Friday","Saturday","Sunday"},WEEKDAY($A69,2)) -> Thursday | C69: Yes | D69: =COUNTIFS(Intentions!$B$2:$B$365,$A69) -> 6 | E69: =COUNTIFS(Intentions!$B$2:$B$365,$A69,Intentions!$H$2:$H$365,"<>Planned") -> 6 | F69: =COUNTIFS(Intentions!$B$2:$B$365,$A69,Intentions!$H$2:$H$365,"Done")+COUNTIFS(Intentions!$B$2:$B$365,$A69,Intentions!$H$2:$H$365,"Partial") -> 3 | G69: =IF(E69=0,"",SUMIFS(Intentions!$K$2:$K$365,Intentions!$B$2:$B$365,$A69)/E69) -> 0.5 | H69: =SUMIFS(Intentions!$G$2:$G$365,Intentions!$B$2:$B$365,$A69) -> 205 | I69: =SUMIFS(Activities!$F$2:$F$190,Activities!$B$2:$B$190,$A69) -> 149 | J69: =SUMIFS(Activities!$F$2:$F$190,Activities!$B$2:$B$190,$A69,Activities!$C$2:$C$190,"Spiritual") -> 44 | K69: =SUMIFS(Activities!$F$2:$F$190,Activities!$B$2:$B$190,$A69,Activities!$C$2:$C$190,"Physical") -> 0 | L69: =SUMIFS(Activities!$F$2:$F$190,Activities!$B$2:$B$190,$A69,Activities!$C$2:$C$190,"Studies") -> 0 | M69: =SUMIFS(Activities!$F$2:$F$190,Activities!$B$2:$B$190,$A69,Activities!$C$2:$C$190,"Professional") -> 0 | N69: =SUMIFS(Activities!$F$2:$F$190,Activities!$B$2:$B$190,$A69,Activities!$C$2:$C$190,"Personal") -> 15 | O69: =SUMIFS(Activities!$F$2:$F$190,Activities!$B$2:$B$190,$A69,Activities!$C$2:$C$190,"Relationships") -> 0 | P69: =SUMIFS(Activities!$F$2:$F$190,Activities!$B$2:$B$190,$A69,Activities!$C$2:$C$190,"Leisure and creativity") -> 90 | Q69: 4.9 | S69: 3 | T69: 3 | U69: 3 | V69: 2 | W69: 188 | X69: 8331 | Y69: 1.6 | Z69: =COUNTIFS(Reflections!$A$2:$A$70,$A69) -> 1 | AA69: Filled in the same day | AB69: 0
A70: 46290 | B70: =INDEX({"Monday","Tuesday","Wednesday","Thursday","Friday","Saturday","Sunday"},WEEKDAY($A70,2)) -> Friday | C70: No | D70: =COUNTIFS(Intentions!$B$2:$B$365,$A70) -> 0 | E70: =COUNTIFS(Intentions!$B$2:$B$365,$A70,Intentions!$H$2:$H$365,"<>Planned") -> 0 | F70: =COUNTIFS(Intentions!$B$2:$B$365,$A70,Intentions!$H$2:$H$365,"Done")+COUNTIFS(Intentions!$B$2:$B$365,$A70,Intentions!$H$2:$H$365,"Partial") -> 0 | G70: =IF(E70=0,"",SUMIFS(Intentions!$K$2:$K$365,Intentions!$B$2:$B$365,$A70)/E70) | H70: =SUMIFS(Intentions!$G$2:$G$365,Intentions!$B$2:$B$365,$A70) -> 0 | I70: =SUMIFS(Activities!$F$2:$F$190,Activities!$B$2:$B$190,$A70) -> 0 | J70: =SUMIFS(Activities!$F$2:$F$190,Activities!$B$2:$B$190,$A70,Activities!$C$2:$C$190,"Spiritual") -> 0 | K70: =SUMIFS(Activities!$F$2:$F$190,Activities!$B$2:$B$190,$A70,Activities!$C$2:$C$190,"Physical") -> 0 | L70: =SUMIFS(Activities!$F$2:$F$190,Activities!$B$2:$B$190,$A70,Activities!$C$2:$C$190,"Studies") -> 0 | M70: =SUMIFS(Activities!$F$2:$F$190,Activities!$B$2:$B$190,$A70,Activities!$C$2:$C$190,"Professional") -> 0 | N70: =SUMIFS(Activities!$F$2:$F$190,Activities!$B$2:$B$190,$A70,Activities!$C$2:$C$190,"Personal") -> 0 | O70: =SUMIFS(Activities!$F$2:$F$190,Activities!$B$2:$B$190,$A70,Activities!$C$2:$C$190,"Relationships") -> 0 | P70: =SUMIFS(Activities!$F$2:$F$190,Activities!$B$2:$B$190,$A70,Activities!$C$2:$C$190,"Leisure and creativity") -> 0 | Z70: =COUNTIFS(Reflections!$A$2:$A$70,$A70) -> 0 | AA70: Forgotten (locked)
A71: 46291 | B71: =INDEX({"Monday","Tuesday","Wednesday","Thursday","Friday","Saturday","Sunday"},WEEKDAY($A71,2)) -> Saturday | C71: Yes | D71: =COUNTIFS(Intentions!$B$2:$B$365,$A71) -> 3 | E71: =COUNTIFS(Intentions!$B$2:$B$365,$A71,Intentions!$H$2:$H$365,"<>Planned") -> 3 | F71: =COUNTIFS(Intentions!$B$2:$B$365,$A71,Intentions!$H$2:$H$365,"Done")+COUNTIFS(Intentions!$B$2:$B$365,$A71,Intentions!$H$2:$H$365,"Partial") -> 2 | G71: =IF(E71=0,"",SUMIFS(Intentions!$K$2:$K$365,Intentions!$B$2:$B$365,$A71)/E71) -> 0.5 | H71: =SUMIFS(Intentions!$G$2:$G$365,Intentions!$B$2:$B$365,$A71) -> 120 | I71: =SUMIFS(Activities!$F$2:$F$190,Activities!$B$2:$B$190,$A71) -> 210 | J71: =SUMIFS(Activities!$F$2:$F$190,Activities!$B$2:$B$190,$A71,Activities!$C$2:$C$190,"Spiritual") -> 12 | K71: =SUMIFS(Activities!$F$2:$F$190,Activities!$B$2:$B$190,$A71,Activities!$C$2:$C$190,"Physical") -> 0 | L71: =SUMIFS(Activities!$F$2:$F$190,Activities!$B$2:$B$190,$A71,Activities!$C$2:$C$190,"Studies") -> 78 | M71: =SUMIFS(Activities!$F$2:$F$190,Activities!$B$2:$B$190,$A71,Activities!$C$2:$C$190,"Professional") -> 0 | N71: =SUMIFS(Activities!$F$2:$F$190,Activities!$B$2:$B$190,$A71,Activities!$C$2:$C$190,"Personal") -> 0 | O71: =SUMIFS(Activities!$F$2:$F$190,Activities!$B$2:$B$190,$A71,Activities!$C$2:$C$190,"Relationships") -> 0 | P71: =SUMIFS(Activities!$F$2:$F$190,Activities!$B$2:$B$190,$A71,Activities!$C$2:$C$190,"Leisure and creativity") -> 120 | Q71: 6.9 | S71: 3 | T71: 2 | U71: 3 | V71: 5 | W71: 277 | X71: 9769 | Y71: 1.8 | Z71: =COUNTIFS(Reflections!$A$2:$A$70,$A71) -> 1 | AA71: Caught up later | AB71: 2
A72: 46292 | B72: =INDEX({"Monday","Tuesday","Wednesday","Thursday","Friday","Saturday","Sunday"},WEEKDAY($A72,2)) -> Sunday | C72: Yes | D72: =COUNTIFS(Intentions!$B$2:$B$365,$A72) -> 4 | E72: =COUNTIFS(Intentions!$B$2:$B$365,$A72,Intentions!$H$2:$H$365,"<>Planned") -> 4 | F72: =COUNTIFS(Intentions!$B$2:$B$365,$A72,Intentions!$H$2:$H$365,"Done")+COUNTIFS(Intentions!$B$2:$B$365,$A72,Intentions!$H$2:$H$365,"Partial") -> 2 | G72: =IF(E72=0,"",SUMIFS(Intentions!$K$2:$K$365,Intentions!$B$2:$B$365,$A72)/E72) -> 0.5 | H72: =SUMIFS(Intentions!$G$2:$G$365,Intentions!$B$2:$B$365,$A72) -> 180 | I72: =SUMIFS(Activities!$F$2:$F$190,Activities!$B$2:$B$190,$A72) -> 108 | J72: =SUMIFS(Activities!$F$2:$F$190,Activities!$B$2:$B$190,$A72,Activities!$C$2:$C$190,"Spiritual") -> 21 | K72: =SUMIFS(Activities!$F$2:$F$190,Activities!$B$2:$B$190,$A72,Activities!$C$2:$C$190,"Physical") -> 0 | L72: =SUMIFS(Activities!$F$2:$F$190,Activities!$B$2:$B$190,$A72,Activities!$C$2:$C$190,"Studies") -> 87 | M72: =SUMIFS(Activities!$F$2:$F$190,Activities!$B$2:$B$190,$A72,Activities!$C$2:$C$190,"Professional") -> 0 | N72: =SUMIFS(Activities!$F$2:$F$190,Activities!$B$2:$B$190,$A72,Activities!$C$2:$C$190,"Personal") -> 0 | O72: =SUMIFS(Activities!$F$2:$F$190,Activities!$B$2:$B$190,$A72,Activities!$C$2:$C$190,"Relationships") -> 0 | P72: =SUMIFS(Activities!$F$2:$F$190,Activities!$B$2:$B$190,$A72,Activities!$C$2:$C$190,"Leisure and creativity") -> 0 | Q72: 8.9 | S72: 5 | T72: 5 | U72: 4 | V72: 2 | W72: 179 | X72: 5493 | Y72: 1.4 | Z72: =COUNTIFS(Reflections!$A$2:$A$70,$A72) -> 1 | AA72: Filled in the same day | AB72: 0
A73: 46293 | B73: =INDEX({"Monday","Tuesday","Wednesday","Thursday","Friday","Saturday","Sunday"},WEEKDAY($A73,2)) -> Monday | C73: Yes | D73: =COUNTIFS(Intentions!$B$2:$B$365,$A73) -> 4 | E73: =COUNTIFS(Intentions!$B$2:$B$365,$A73,Intentions!$H$2:$H$365,"<>Planned") -> 4 | F73: =COUNTIFS(Intentions!$B$2:$B$365,$A73,Intentions!$H$2:$H$365,"Done")+COUNTIFS(Intentions!$B$2:$B$365,$A73,Intentions!$H$2:$H$365,"Partial") -> 2 | G73: =IF(E73=0,"",SUMIFS(Intentions!$K$2:$K$365,Intentions!$B$2:$B$365,$A73)/E73) -> 0.25 | H73: =SUMIFS(Intentions!$G$2:$G$365,Intentions!$B$2:$B$365,$A73) -> 135 | I73: =SUMIFS(Activities!$F$2:$F$190,Activities!$B$2:$B$190,$A73) -> 29 | J73: =SUMIFS(Activities!$F$2:$F$190,Activities!$B$2:$B$190,$A73,Activities!$C$2:$C$190,"Spiritual") -> 29 | K73: =SUMIFS(Activities!$F$2:$F$190,Activities!$B$2:$B$190,$A73,Activities!$C$2:$C$190,"Physical") -> 0 | L73: =SUMIFS(Activities!$F$2:$F$190,Activities!$B$2:$B$190,$A73,Activities!$C$2:$C$190,"Studies") -> 0 | M73: =SUMIFS(Activities!$F$2:$F$190,Activities!$B$2:$B$190,$A73,Activities!$C$2:$C$190,"Professional") -> 0 | N73: =SUMIFS(Activities!$F$2:$F$190,Activities!$B$2:$B$190,$A73,Activities!$C$2:$C$190,"Personal") -> 0 | O73: =SUMIFS(Activities!$F$2:$F$190,Activities!$B$2:$B$190,$A73,Activities!$C$2:$C$190,"Relationships") -> 0 | P73: =SUMIFS(Activities!$F$2:$F$190,Activities!$B$2:$B$190,$A73,Activities!$C$2:$C$190,"Leisure and creativity") -> 0 | Q73: 7.4 | S73: 3 | T73: 2 | U73: 4 | V73: 4 | W73: 255 | X73: 3241 | Y73: 2.4 | Z73: =COUNTIFS(Reflections!$A$2:$A$70,$A73) -> 2 | AA73: Filled in the same day | AB73: 0 | AC73: Match de football avec les amis du quartier.
A74: 46294 | B74: =INDEX({"Monday","Tuesday","Wednesday","Thursday","Friday","Saturday","Sunday"},WEEKDAY($A74,2)) -> Tuesday | C74: Yes | D74: =COUNTIFS(Intentions!$B$2:$B$365,$A74) -> 3 | E74: =COUNTIFS(Intentions!$B$2:$B$365,$A74,Intentions!$H$2:$H$365,"<>Planned") -> 3 | F74: =COUNTIFS(Intentions!$B$2:$B$365,$A74,Intentions!$H$2:$H$365,"Done")+COUNTIFS(Intentions!$B$2:$B$365,$A74,Intentions!$H$2:$H$365,"Partial") -> 1 | G74: =IF(E74=0,"",SUMIFS(Intentions!$K$2:$K$365,Intentions!$B$2:$B$365,$A74)/E74) -> 0.33333333 | H74: =SUMIFS(Intentions!$G$2:$G$365,Intentions!$B$2:$B$365,$A74) -> 140 | I74: =SUMIFS(Activities!$F$2:$F$190,Activities!$B$2:$B$190,$A74) -> 91 | J74: =SUMIFS(Activities!$F$2:$F$190,Activities!$B$2:$B$190,$A74,Activities!$C$2:$C$190,"Spiritual") -> 0 | K74: =SUMIFS(Activities!$F$2:$F$190,Activities!$B$2:$B$190,$A74,Activities!$C$2:$C$190,"Physical") -> 0 | L74: =SUMIFS(Activities!$F$2:$F$190,Activities!$B$2:$B$190,$A74,Activities!$C$2:$C$190,"Studies") -> 0 | M74: =SUMIFS(Activities!$F$2:$F$190,Activities!$B$2:$B$190,$A74,Activities!$C$2:$C$190,"Professional") -> 91 | N74: =SUMIFS(Activities!$F$2:$F$190,Activities!$B$2:$B$190,$A74,Activities!$C$2:$C$190,"Personal") -> 0 | O74: =SUMIFS(Activities!$F$2:$F$190,Activities!$B$2:$B$190,$A74,Activities!$C$2:$C$190,"Relationships") -> 0 | P74: =SUMIFS(Activities!$F$2:$F$190,Activities!$B$2:$B$190,$A74,Activities!$C$2:$C$190,"Leisure and creativity") -> 0 | Q74: 6.6 | S74: 3 | T74: 2 | U74: 3 | V74: 3 | W74: 132 | X74: 6507 | Y74: 1.6 | Z74: =COUNTIFS(Reflections!$A$2:$A$70,$A74) -> 1 | AA74: Filled in the same day | AB74: 0
A75: 46295 | B75: =INDEX({"Monday","Tuesday","Wednesday","Thursday","Friday","Saturday","Sunday"},WEEKDAY($A75,2)) -> Wednesday | C75: Yes | D75: =COUNTIFS(Intentions!$B$2:$B$365,$A75) -> 4 | E75: =COUNTIFS(Intentions!$B$2:$B$365,$A75,Intentions!$H$2:$H$365,"<>Planned") -> 4 | F75: =COUNTIFS(Intentions!$B$2:$B$365,$A75,Intentions!$H$2:$H$365,"Done")+COUNTIFS(Intentions!$B$2:$B$365,$A75,Intentions!$H$2:$H$365,"Partial") -> 3 | G75: =IF(E75=0,"",SUMIFS(Intentions!$K$2:$K$365,Intentions!$B$2:$B$365,$A75)/E75) -> 0.75 | H75: =SUMIFS(Intentions!$G$2:$G$365,Intentions!$B$2:$B$365,$A75) -> 225 | I75: =SUMIFS(Activities!$F$2:$F$190,Activities!$B$2:$B$190,$A75) -> 225 | J75: =SUMIFS(Activities!$F$2:$F$190,Activities!$B$2:$B$190,$A75,Activities!$C$2:$C$190,"Spiritual") -> 0 | K75: =SUMIFS(Activities!$F$2:$F$190,Activities!$B$2:$B$190,$A75,Activities!$C$2:$C$190,"Physical") -> 0 | L75: =SUMIFS(Activities!$F$2:$F$190,Activities!$B$2:$B$190,$A75,Activities!$C$2:$C$190,"Studies") -> 204 | M75: =SUMIFS(Activities!$F$2:$F$190,Activities!$B$2:$B$190,$A75,Activities!$C$2:$C$190,"Professional") -> 0 | N75: =SUMIFS(Activities!$F$2:$F$190,Activities!$B$2:$B$190,$A75,Activities!$C$2:$C$190,"Personal") -> 21 | O75: =SUMIFS(Activities!$F$2:$F$190,Activities!$B$2:$B$190,$A75,Activities!$C$2:$C$190,"Relationships") -> 0 | P75: =SUMIFS(Activities!$F$2:$F$190,Activities!$B$2:$B$190,$A75,Activities!$C$2:$C$190,"Leisure and creativity") -> 0 | Q75: 4.8 | S75: 1 | T75: 2 | U75: 4 | V75: 4 | W75: 357 | X75: 5776 | Y75: 2.2 | Z75: =COUNTIFS(Reflections!$A$2:$A$70,$A75) -> 1 | AA75: Filled in the same day | AB75: 0 | AC75: Réussite de l'examen de statistiques.
A76: 46296 | B76: =INDEX({"Monday","Tuesday","Wednesday","Thursday","Friday","Saturday","Sunday"},WEEKDAY($A76,2)) -> Thursday | C76: Yes | D76: =COUNTIFS(Intentions!$B$2:$B$365,$A76) -> 6 | E76: =COUNTIFS(Intentions!$B$2:$B$365,$A76,Intentions!$H$2:$H$365,"<>Planned") -> 6 | F76: =COUNTIFS(Intentions!$B$2:$B$365,$A76,Intentions!$H$2:$H$365,"Done")+COUNTIFS(Intentions!$B$2:$B$365,$A76,Intentions!$H$2:$H$365,"Partial") -> 4 | G76: =IF(E76=0,"",SUMIFS(Intentions!$K$2:$K$365,Intentions!$B$2:$B$365,$A76)/E76) -> 0.66666667 | H76: =SUMIFS(Intentions!$G$2:$G$365,Intentions!$B$2:$B$365,$A76) -> 210 | I76: =SUMIFS(Activities!$F$2:$F$190,Activities!$B$2:$B$190,$A76) -> 249 | J76: =SUMIFS(Activities!$F$2:$F$190,Activities!$B$2:$B$190,$A76,Activities!$C$2:$C$190,"Spiritual") -> 13 | K76: =SUMIFS(Activities!$F$2:$F$190,Activities!$B$2:$B$190,$A76,Activities!$C$2:$C$190,"Physical") -> 0 | L76: =SUMIFS(Activities!$F$2:$F$190,Activities!$B$2:$B$190,$A76,Activities!$C$2:$C$190,"Studies") -> 0 | M76: =SUMIFS(Activities!$F$2:$F$190,Activities!$B$2:$B$190,$A76,Activities!$C$2:$C$190,"Professional") -> 64 | N76: =SUMIFS(Activities!$F$2:$F$190,Activities!$B$2:$B$190,$A76,Activities!$C$2:$C$190,"Personal") -> 21 | O76: =SUMIFS(Activities!$F$2:$F$190,Activities!$B$2:$B$190,$A76,Activities!$C$2:$C$190,"Relationships") -> 0 | P76: =SUMIFS(Activities!$F$2:$F$190,Activities!$B$2:$B$190,$A76,Activities!$C$2:$C$190,"Leisure and creativity") -> 151 | Q76: 7.5 | S76: 3 | T76: 3 | U76: 4 | V76: 3 | W76: 223 | X76: 11298 | Y76: 1.1 | Z76: =COUNTIFS(Reflections!$A$2:$A$70,$A76) -> 0 | AA76: Filled in the same day | AB76: 0
A77: 46297 | B77: =INDEX({"Monday","Tuesday","Wednesday","Thursday","Friday","Saturday","Sunday"},WEEKDAY($A77,2)) -> Friday | C77: Yes | D77: =COUNTIFS(Intentions!$B$2:$B$365,$A77) -> 5 | E77: =COUNTIFS(Intentions!$B$2:$B$365,$A77,Intentions!$H$2:$H$365,"<>Planned") -> 5 | F77: =COUNTIFS(Intentions!$B$2:$B$365,$A77,Intentions!$H$2:$H$365,"Done")+COUNTIFS(Intentions!$B$2:$B$365,$A77,Intentions!$H$2:$H$365,"Partial") -> 4 | G77: =IF(E77=0,"",SUMIFS(Intentions!$K$2:$K$365,Intentions!$B$2:$B$365,$A77)/E77) -> 0.8 | H77: =SUMIFS(Intentions!$G$2:$G$365,Intentions!$B$2:$B$365,$A77) -> 235 | I77: =SUMIFS(Activities!$F$2:$F$190,Activities!$B$2:$B$190,$A77) -> 169 | J77: =SUMIFS(Activities!$F$2:$F$190,Activities!$B$2:$B$190,$A77,Activities!$C$2:$C$190,"Spiritual") -> 0 | K77: =SUMIFS(Activities!$F$2:$F$190,Activities!$B$2:$B$190,$A77,Activities!$C$2:$C$190,"Physical") -> 46 | L77: =SUMIFS(Activities!$F$2:$F$190,Activities!$B$2:$B$190,$A77,Activities!$C$2:$C$190,"Studies") -> 94 | M77: =SUMIFS(Activities!$F$2:$F$190,Activities!$B$2:$B$190,$A77,Activities!$C$2:$C$190,"Professional") -> 0 | N77: =SUMIFS(Activities!$F$2:$F$190,Activities!$B$2:$B$190,$A77,Activities!$C$2:$C$190,"Personal") -> 0 | O77: =SUMIFS(Activities!$F$2:$F$190,Activities!$B$2:$B$190,$A77,Activities!$C$2:$C$190,"Relationships") -> 0 | P77: =SUMIFS(Activities!$F$2:$F$190,Activities!$B$2:$B$190,$A77,Activities!$C$2:$C$190,"Leisure and creativity") -> 29 | Q77: 7.9 | S77: 5 | T77: 5 | U77: 3 | V77: 3 | W77: 258 | X77: 7137 | Y77: 1.9 | Z77: =COUNTIFS(Reflections!$A$2:$A$70,$A77) -> 1 | AA77: Filled in the same day | AB77: 0
A78: 46298 | B78: =INDEX({"Monday","Tuesday","Wednesday","Thursday","Friday","Saturday","Sunday"},WEEKDAY($A78,2)) -> Saturday | C78: Yes | D78: =COUNTIFS(Intentions!$B$2:$B$365,$A78) -> 7 | E78: =COUNTIFS(Intentions!$B$2:$B$365,$A78,Intentions!$H$2:$H$365,"<>Planned") -> 7 | F78: =COUNTIFS(Intentions!$B$2:$B$365,$A78,Intentions!$H$2:$H$365,"Done")+COUNTIFS(Intentions!$B$2:$B$365,$A78,Intentions!$H$2:$H$365,"Partial") -> 1 | G78: =IF(E78=0,"",SUMIFS(Intentions!$K$2:$K$365,Intentions!$B$2:$B$365,$A78)/E78) -> 0.14285714 | H78: =SUMIFS(Intentions!$G$2:$G$365,Intentions!$B$2:$B$365,$A78) -> 290 | I78: =SUMIFS(Activities!$F$2:$F$190,Activities!$B$2:$B$190,$A78) -> 133 | J78: =SUMIFS(Activities!$F$2:$F$190,Activities!$B$2:$B$190,$A78,Activities!$C$2:$C$190,"Spiritual") -> 13 | K78: =SUMIFS(Activities!$F$2:$F$190,Activities!$B$2:$B$190,$A78,Activities!$C$2:$C$190,"Physical") -> 0 | L78: =SUMIFS(Activities!$F$2:$F$190,Activities!$B$2:$B$190,$A78,Activities!$C$2:$C$190,"Studies") -> 0 | M78: =SUMIFS(Activities!$F$2:$F$190,Activities!$B$2:$B$190,$A78,Activities!$C$2:$C$190,"Professional") -> 0 | N78: =SUMIFS(Activities!$F$2:$F$190,Activities!$B$2:$B$190,$A78,Activities!$C$2:$C$190,"Personal") -> 0 | O78: =SUMIFS(Activities!$F$2:$F$190,Activities!$B$2:$B$190,$A78,Activities!$C$2:$C$190,"Relationships") -> 0 | P78: =SUMIFS(Activities!$F$2:$F$190,Activities!$B$2:$B$190,$A78,Activities!$C$2:$C$190,"Leisure and creativity") -> 120 | Q78: 6.7 | S78: 3 | T78: 3 | U78: 2 | V78: 3 | W78: 248 | X78: 11436 | Y78: 1.2 | Z78: =COUNTIFS(Reflections!$A$2:$A$70,$A78) -> 1 | AA78: Filled in the same day | AB78: 0
A79: 46299 | B79: =INDEX({"Monday","Tuesday","Wednesday","Thursday","Friday","Saturday","Sunday"},WEEKDAY($A79,2)) -> Sunday | C79: Yes | D79: =COUNTIFS(Intentions!$B$2:$B$365,$A79) -> 5 | E79: =COUNTIFS(Intentions!$B$2:$B$365,$A79,Intentions!$H$2:$H$365,"<>Planned") -> 5 | F79: =COUNTIFS(Intentions!$B$2:$B$365,$A79,Intentions!$H$2:$H$365,"Done")+COUNTIFS(Intentions!$B$2:$B$365,$A79,Intentions!$H$2:$H$365,"Partial") -> 2 | G79: =IF(E79=0,"",SUMIFS(Intentions!$K$2:$K$365,Intentions!$B$2:$B$365,$A79)/E79) -> 0.3 | H79: =SUMIFS(Intentions!$G$2:$G$365,Intentions!$B$2:$B$365,$A79) -> 210 | I79: =SUMIFS(Activities!$F$2:$F$190,Activities!$B$2:$B$190,$A79) -> 52 | J79: =SUMIFS(Activities!$F$2:$F$190,Activities!$B$2:$B$190,$A79,Activities!$C$2:$C$190,"Spiritual") -> 0 | K79: =SUMIFS(Activities!$F$2:$F$190,Activities!$B$2:$B$190,$A79,Activities!$C$2:$C$190,"Physical") -> 0 | L79: =SUMIFS(Activities!$F$2:$F$190,Activities!$B$2:$B$190,$A79,Activities!$C$2:$C$190,"Studies") -> 0 | M79: =SUMIFS(Activities!$F$2:$F$190,Activities!$B$2:$B$190,$A79,Activities!$C$2:$C$190,"Professional") -> 30 | N79: =SUMIFS(Activities!$F$2:$F$190,Activities!$B$2:$B$190,$A79,Activities!$C$2:$C$190,"Personal") -> 0 | O79: =SUMIFS(Activities!$F$2:$F$190,Activities!$B$2:$B$190,$A79,Activities!$C$2:$C$190,"Relationships") -> 22 | P79: =SUMIFS(Activities!$F$2:$F$190,Activities!$B$2:$B$190,$A79,Activities!$C$2:$C$190,"Leisure and creativity") -> 0 | Q79: 8.2 | S79: 4 | T79: 4 | U79: 3 | V79: 3 | W79: 286 | X79: 7672 | Y79: 2.3 | Z79: =COUNTIFS(Reflections!$A$2:$A$70,$A79) -> 0 | AA79: Filled in the same day | AB79: 0
A80: 46300 | B80: =INDEX({"Monday","Tuesday","Wednesday","Thursday","Friday","Saturday","Sunday"},WEEKDAY($A80,2)) -> Monday | C80: Yes | D80: =COUNTIFS(Intentions!$B$2:$B$365,$A80) -> 5 | E80: =COUNTIFS(Intentions!$B$2:$B$365,$A80,Intentions!$H$2:$H$365,"<>Planned") -> 5 | F80: =COUNTIFS(Intentions!$B$2:$B$365,$A80,Intentions!$H$2:$H$365,"Done")+COUNTIFS(Intentions!$B$2:$B$365,$A80,Intentions!$H$2:$H$365,"Partial") -> 2 | G80: =IF(E80=0,"",SUMIFS(Intentions!$K$2:$K$365,Intentions!$B$2:$B$365,$A80)/E80) -> 0.4 | H80: =SUMIFS(Intentions!$G$2:$G$365,Intentions!$B$2:$B$365,$A80) -> 200 | I80: =SUMIFS(Activities!$F$2:$F$190,Activities!$B$2:$B$190,$A80) -> 45 | J80: =SUMIFS(Activities!$F$2:$F$190,Activities!$B$2:$B$190,$A80,Activities!$C$2:$C$190,"Spiritual") -> 24 | K80: =SUMIFS(Activities!$F$2:$F$190,Activities!$B$2:$B$190,$A80,Activities!$C$2:$C$190,"Physical") -> 21 | L80: =SUMIFS(Activities!$F$2:$F$190,Activities!$B$2:$B$190,$A80,Activities!$C$2:$C$190,"Studies") -> 0 | M80: =SUMIFS(Activities!$F$2:$F$190,Activities!$B$2:$B$190,$A80,Activities!$C$2:$C$190,"Professional") -> 0 | N80: =SUMIFS(Activities!$F$2:$F$190,Activities!$B$2:$B$190,$A80,Activities!$C$2:$C$190,"Personal") -> 0 | O80: =SUMIFS(Activities!$F$2:$F$190,Activities!$B$2:$B$190,$A80,Activities!$C$2:$C$190,"Relationships") -> 0 | P80: =SUMIFS(Activities!$F$2:$F$190,Activities!$B$2:$B$190,$A80,Activities!$C$2:$C$190,"Leisure and creativity") -> 0 | Q80: 6.1 | S80: 1 | T80: 1 | U80: 3 | V80: 4 | W80: 199 | X80: 8003 | Y80: 2.4 | Z80: =COUNTIFS(Reflections!$A$2:$A$70,$A80) -> 0 | AA80: Filled in the same day | AB80: 0
A81: 46301 | B81: =INDEX({"Monday","Tuesday","Wednesday","Thursday","Friday","Saturday","Sunday"},WEEKDAY($A81,2)) -> Tuesday | C81: Yes | D81: =COUNTIFS(Intentions!$B$2:$B$365,$A81) -> 4 | E81: =COUNTIFS(Intentions!$B$2:$B$365,$A81,Intentions!$H$2:$H$365,"<>Planned") -> 4 | F81: =COUNTIFS(Intentions!$B$2:$B$365,$A81,Intentions!$H$2:$H$365,"Done")+COUNTIFS(Intentions!$B$2:$B$365,$A81,Intentions!$H$2:$H$365,"Partial") -> 2 | G81: =IF(E81=0,"",SUMIFS(Intentions!$K$2:$K$365,Intentions!$B$2:$B$365,$A81)/E81) -> 0.375 | H81: =SUMIFS(Intentions!$G$2:$G$365,Intentions!$B$2:$B$365,$A81) -> 215 | I81: =SUMIFS(Activities!$F$2:$F$190,Activities!$B$2:$B$190,$A81) -> 198 | J81: =SUMIFS(Activities!$F$2:$F$190,Activities!$B$2:$B$190,$A81,Activities!$C$2:$C$190,"Spiritual") -> 13 | K81: =SUMIFS(Activities!$F$2:$F$190,Activities!$B$2:$B$190,$A81,Activities!$C$2:$C$190,"Physical") -> 0 | L81: =SUMIFS(Activities!$F$2:$F$190,Activities!$B$2:$B$190,$A81,Activities!$C$2:$C$190,"Studies") -> 185 | M81: =SUMIFS(Activities!$F$2:$F$190,Activities!$B$2:$B$190,$A81,Activities!$C$2:$C$190,"Professional") -> 0 | N81: =SUMIFS(Activities!$F$2:$F$190,Activities!$B$2:$B$190,$A81,Activities!$C$2:$C$190,"Personal") -> 0 | O81: =SUMIFS(Activities!$F$2:$F$190,Activities!$B$2:$B$190,$A81,Activities!$C$2:$C$190,"Relationships") -> 0 | P81: =SUMIFS(Activities!$F$2:$F$190,Activities!$B$2:$B$190,$A81,Activities!$C$2:$C$190,"Leisure and creativity") -> 0 | Q81: 7.9 | S81: 4 | T81: 5 | U81: 4 | V81: 2 | W81: 196 | X81: 5124 | Y81: 2.5 | Z81: =COUNTIFS(Reflections!$A$2:$A$70,$A81) -> 0 | AA81: Filled in the same day | AB81: 0
A82: 46302 | B82: =INDEX({"Monday","Tuesday","Wednesday","Thursday","Friday","Saturday","Sunday"},WEEKDAY($A82,2)) -> Wednesday | C82: Yes | D82: =COUNTIFS(Intentions!$B$2:$B$365,$A82) -> 6 | E82: =COUNTIFS(Intentions!$B$2:$B$365,$A82,Intentions!$H$2:$H$365,"<>Planned") -> 6 | F82: =COUNTIFS(Intentions!$B$2:$B$365,$A82,Intentions!$H$2:$H$365,"Done")+COUNTIFS(Intentions!$B$2:$B$365,$A82,Intentions!$H$2:$H$365,"Partial") -> 3 | G82: =IF(E82=0,"",SUMIFS(Intentions!$K$2:$K$365,Intentions!$B$2:$B$365,$A82)/E82) -> 0.5 | H82: =SUMIFS(Intentions!$G$2:$G$365,Intentions!$B$2:$B$365,$A82) -> 255 | I82: =SUMIFS(Activities!$F$2:$F$190,Activities!$B$2:$B$190,$A82) -> 187 | J82: =SUMIFS(Activities!$F$2:$F$190,Activities!$B$2:$B$190,$A82,Activities!$C$2:$C$190,"Spiritual") -> 43 | K82: =SUMIFS(Activities!$F$2:$F$190,Activities!$B$2:$B$190,$A82,Activities!$C$2:$C$190,"Physical") -> 0 | L82: =SUMIFS(Activities!$F$2:$F$190,Activities!$B$2:$B$190,$A82,Activities!$C$2:$C$190,"Studies") -> 144 | M82: =SUMIFS(Activities!$F$2:$F$190,Activities!$B$2:$B$190,$A82,Activities!$C$2:$C$190,"Professional") -> 0 | N82: =SUMIFS(Activities!$F$2:$F$190,Activities!$B$2:$B$190,$A82,Activities!$C$2:$C$190,"Personal") -> 0 | O82: =SUMIFS(Activities!$F$2:$F$190,Activities!$B$2:$B$190,$A82,Activities!$C$2:$C$190,"Relationships") -> 0 | P82: =SUMIFS(Activities!$F$2:$F$190,Activities!$B$2:$B$190,$A82,Activities!$C$2:$C$190,"Leisure and creativity") -> 0 | Q82: 6 | S82: 3 | T82: 3 | U82: 2 | V82: 3 | W82: 235 | X82: 6525 | Y82: 2.1 | Z82: =COUNTIFS(Reflections!$A$2:$A$70,$A82) -> 0 | AA82: Filled in the same day | AB82: 0
A83: 46303 | B83: =INDEX({"Monday","Tuesday","Wednesday","Thursday","Friday","Saturday","Sunday"},WEEKDAY($A83,2)) -> Thursday | C83: Yes | D83: =COUNTIFS(Intentions!$B$2:$B$365,$A83) -> 3 | E83: =COUNTIFS(Intentions!$B$2:$B$365,$A83,Intentions!$H$2:$H$365,"<>Planned") -> 3 | F83: =COUNTIFS(Intentions!$B$2:$B$365,$A83,Intentions!$H$2:$H$365,"Done")+COUNTIFS(Intentions!$B$2:$B$365,$A83,Intentions!$H$2:$H$365,"Partial") -> 1 | G83: =IF(E83=0,"",SUMIFS(Intentions!$K$2:$K$365,Intentions!$B$2:$B$365,$A83)/E83) -> 0.33333333 | H83: =SUMIFS(Intentions!$G$2:$G$365,Intentions!$B$2:$B$365,$A83) -> 105 | I83: =SUMIFS(Activities!$F$2:$F$190,Activities!$B$2:$B$190,$A83) -> 71 | J83: =SUMIFS(Activities!$F$2:$F$190,Activities!$B$2:$B$190,$A83,Activities!$C$2:$C$190,"Spiritual") -> 0 | K83: =SUMIFS(Activities!$F$2:$F$190,Activities!$B$2:$B$190,$A83,Activities!$C$2:$C$190,"Physical") -> 0 | L83: =SUMIFS(Activities!$F$2:$F$190,Activities!$B$2:$B$190,$A83,Activities!$C$2:$C$190,"Studies") -> 71 | M83: =SUMIFS(Activities!$F$2:$F$190,Activities!$B$2:$B$190,$A83,Activities!$C$2:$C$190,"Professional") -> 0 | N83: =SUMIFS(Activities!$F$2:$F$190,Activities!$B$2:$B$190,$A83,Activities!$C$2:$C$190,"Personal") -> 0 | O83: =SUMIFS(Activities!$F$2:$F$190,Activities!$B$2:$B$190,$A83,Activities!$C$2:$C$190,"Relationships") -> 0 | P83: =SUMIFS(Activities!$F$2:$F$190,Activities!$B$2:$B$190,$A83,Activities!$C$2:$C$190,"Leisure and creativity") -> 0 | Q83: 5 | S83: 2 | T83: 2 | U83: 3 | V83: 3 | W83: 287 | X83: 4230 | Y83: 0.9 | Z83: =COUNTIFS(Reflections!$A$2:$A$70,$A83) -> 0 | AA83: Filled in the same day | AB83: 0
A84: 46304 | B84: =INDEX({"Monday","Tuesday","Wednesday","Thursday","Friday","Saturday","Sunday"},WEEKDAY($A84,2)) -> Friday | C84: No | D84: =COUNTIFS(Intentions!$B$2:$B$365,$A84) -> 0 | E84: =COUNTIFS(Intentions!$B$2:$B$365,$A84,Intentions!$H$2:$H$365,"<>Planned") -> 0 | F84: =COUNTIFS(Intentions!$B$2:$B$365,$A84,Intentions!$H$2:$H$365,"Done")+COUNTIFS(Intentions!$B$2:$B$365,$A84,Intentions!$H$2:$H$365,"Partial") -> 0 | G84: =IF(E84=0,"",SUMIFS(Intentions!$K$2:$K$365,Intentions!$B$2:$B$365,$A84)/E84) | H84: =SUMIFS(Intentions!$G$2:$G$365,Intentions!$B$2:$B$365,$A84) -> 0 | I84: =SUMIFS(Activities!$F$2:$F$190,Activities!$B$2:$B$190,$A84) -> 0 | J84: =SUMIFS(Activities!$F$2:$F$190,Activities!$B$2:$B$190,$A84,Activities!$C$2:$C$190,"Spiritual") -> 0 | K84: =SUMIFS(Activities!$F$2:$F$190,Activities!$B$2:$B$190,$A84,Activities!$C$2:$C$190,"Physical") -> 0 | L84: =SUMIFS(Activities!$F$2:$F$190,Activities!$B$2:$B$190,$A84,Activities!$C$2:$C$190,"Studies") -> 0 | M84: =SUMIFS(Activities!$F$2:$F$190,Activities!$B$2:$B$190,$A84,Activities!$C$2:$C$190,"Professional") -> 0 | N84: =SUMIFS(Activities!$F$2:$F$190,Activities!$B$2:$B$190,$A84,Activities!$C$2:$C$190,"Personal") -> 0 | O84: =SUMIFS(Activities!$F$2:$F$190,Activities!$B$2:$B$190,$A84,Activities!$C$2:$C$190,"Relationships") -> 0 | P84: =SUMIFS(Activities!$F$2:$F$190,Activities!$B$2:$B$190,$A84,Activities!$C$2:$C$190,"Leisure and creativity") -> 0 | Z84: =COUNTIFS(Reflections!$A$2:$A$70,$A84) -> 0 | AA84: Forgotten (locked)
A85: 46305 | B85: =INDEX({"Monday","Tuesday","Wednesday","Thursday","Friday","Saturday","Sunday"},WEEKDAY($A85,2)) -> Saturday | C85: Yes | D85: =COUNTIFS(Intentions!$B$2:$B$365,$A85) -> 3 | E85: =COUNTIFS(Intentions!$B$2:$B$365,$A85,Intentions!$H$2:$H$365,"<>Planned") -> 3 | F85: =COUNTIFS(Intentions!$B$2:$B$365,$A85,Intentions!$H$2:$H$365,"Done")+COUNTIFS(Intentions!$B$2:$B$365,$A85,Intentions!$H$2:$H$365,"Partial") -> 2 | G85: =IF(E85=0,"",SUMIFS(Intentions!$K$2:$K$365,Intentions!$B$2:$B$365,$A85)/E85) -> 0.66666667 | H85: =SUMIFS(Intentions!$G$2:$G$365,Intentions!$B$2:$B$365,$A85) -> 195 | I85: =SUMIFS(Activities!$F$2:$F$190,Activities!$B$2:$B$190,$A85) -> 213 | J85: =SUMIFS(Activities!$F$2:$F$190,Activities!$B$2:$B$190,$A85,Activities!$C$2:$C$190,"Spiritual") -> 16 | K85: =SUMIFS(Activities!$F$2:$F$190,Activities!$B$2:$B$190,$A85,Activities!$C$2:$C$190,"Physical") -> 0 | L85: =SUMIFS(Activities!$F$2:$F$190,Activities!$B$2:$B$190,$A85,Activities!$C$2:$C$190,"Studies") -> 197 | M85: =SUMIFS(Activities!$F$2:$F$190,Activities!$B$2:$B$190,$A85,Activities!$C$2:$C$190,"Professional") -> 0 | N85: =SUMIFS(Activities!$F$2:$F$190,Activities!$B$2:$B$190,$A85,Activities!$C$2:$C$190,"Personal") -> 0 | O85: =SUMIFS(Activities!$F$2:$F$190,Activities!$B$2:$B$190,$A85,Activities!$C$2:$C$190,"Relationships") -> 0 | P85: =SUMIFS(Activities!$F$2:$F$190,Activities!$B$2:$B$190,$A85,Activities!$C$2:$C$190,"Leisure and creativity") -> 0 | Q85: 5.5 | S85: 1 | T85: 1 | U85: 3 | V85: 3 | W85: 137 | X85: 5157 | Y85: 2 | Z85: =COUNTIFS(Reflections!$A$2:$A$70,$A85) -> 1 | AA85: Caught up later | AB85: 3 | AC85: Projet Python présenté à des amis.
A86: 46306 | B86: =INDEX({"Monday","Tuesday","Wednesday","Thursday","Friday","Saturday","Sunday"},WEEKDAY($A86,2)) -> Sunday | C86: Yes | D86: =COUNTIFS(Intentions!$B$2:$B$365,$A86) -> 3 | E86: =COUNTIFS(Intentions!$B$2:$B$365,$A86,Intentions!$H$2:$H$365,"<>Planned") -> 3 | F86: =COUNTIFS(Intentions!$B$2:$B$365,$A86,Intentions!$H$2:$H$365,"Done")+COUNTIFS(Intentions!$B$2:$B$365,$A86,Intentions!$H$2:$H$365,"Partial") -> 2 | G86: =IF(E86=0,"",SUMIFS(Intentions!$K$2:$K$365,Intentions!$B$2:$B$365,$A86)/E86) -> 0.5 | H86: =SUMIFS(Intentions!$G$2:$G$365,Intentions!$B$2:$B$365,$A86) -> 130 | I86: =SUMIFS(Activities!$F$2:$F$190,Activities!$B$2:$B$190,$A86) -> 152 | J86: =SUMIFS(Activities!$F$2:$F$190,Activities!$B$2:$B$190,$A86,Activities!$C$2:$C$190,"Spiritual") -> 0 | K86: =SUMIFS(Activities!$F$2:$F$190,Activities!$B$2:$B$190,$A86,Activities!$C$2:$C$190,"Physical") -> 0 | L86: =SUMIFS(Activities!$F$2:$F$190,Activities!$B$2:$B$190,$A86,Activities!$C$2:$C$190,"Studies") -> 74 | M86: =SUMIFS(Activities!$F$2:$F$190,Activities!$B$2:$B$190,$A86,Activities!$C$2:$C$190,"Professional") -> 0 | N86: =SUMIFS(Activities!$F$2:$F$190,Activities!$B$2:$B$190,$A86,Activities!$C$2:$C$190,"Personal") -> 18 | O86: =SUMIFS(Activities!$F$2:$F$190,Activities!$B$2:$B$190,$A86,Activities!$C$2:$C$190,"Relationships") -> 0 | P86: =SUMIFS(Activities!$F$2:$F$190,Activities!$B$2:$B$190,$A86,Activities!$C$2:$C$190,"Leisure and creativity") -> 60 | Q86: 5.9 | S86: 1 | T86: 1 | U86: 4 | V86: 4 | W86: 205 | X86: 2191 | Y86: 1.5 | Z86: =COUNTIFS(Reflections!$A$2:$A$70,$A86) -> 0 | AA86: Filled in the same day | AB86: 0
A87: 46307 | B87: =INDEX({"Monday","Tuesday","Wednesday","Thursday","Friday","Saturday","Sunday"},WEEKDAY($A87,2)) -> Monday | C87: Yes | D87: =COUNTIFS(Intentions!$B$2:$B$365,$A87) -> 5 | E87: =COUNTIFS(Intentions!$B$2:$B$365,$A87,Intentions!$H$2:$H$365,"<>Planned") -> 5 | F87: =COUNTIFS(Intentions!$B$2:$B$365,$A87,Intentions!$H$2:$H$365,"Done")+COUNTIFS(Intentions!$B$2:$B$365,$A87,Intentions!$H$2:$H$365,"Partial") -> 3 | G87: =IF(E87=0,"",SUMIFS(Intentions!$K$2:$K$365,Intentions!$B$2:$B$365,$A87)/E87) -> 0.6 | H87: =SUMIFS(Intentions!$G$2:$G$365,Intentions!$B$2:$B$365,$A87) -> 245 | I87: =SUMIFS(Activities!$F$2:$F$190,Activities!$B$2:$B$190,$A87) -> 197 | J87: =SUMIFS(Activities!$F$2:$F$190,Activities!$B$2:$B$190,$A87,Activities!$C$2:$C$190,"Spiritual") -> 14 | K87: =SUMIFS(Activities!$F$2:$F$190,Activities!$B$2:$B$190,$A87,Activities!$C$2:$C$190,"Physical") -> 0 | L87: =SUMIFS(Activities!$F$2:$F$190,Activities!$B$2:$B$190,$A87,Activities!$C$2:$C$190,"Studies") -> 156 | M87: =SUMIFS(Activities!$F$2:$F$190,Activities!$B$2:$B$190,$A87,Activities!$C$2:$C$190,"Professional") -> 0 | N87: =SUMIFS(Activities!$F$2:$F$190,Activities!$B$2:$B$190,$A87,Activities!$C$2:$C$190,"Personal") -> 0 | O87: =SUMIFS(Activities!$F$2:$F$190,Activities!$B$2:$B$190,$A87,Activities!$C$2:$C$190,"Relationships") -> 27 | P87: =SUMIFS(Activities!$F$2:$F$190,Activities!$B$2:$B$190,$A87,Activities!$C$2:$C$190,"Leisure and creativity") -> 0 | Q87: 6.7 | S87: 3 | T87: 4 | U87: 3 | V87: 3 | W87: 178 | X87: 5629 | Y87: 2.2 | Z87: =COUNTIFS(Reflections!$A$2:$A$70,$A87) -> 0 | AA87: Caught up later | AB87: 1
A88: 46308 | B88: =INDEX({"Monday","Tuesday","Wednesday","Thursday","Friday","Saturday","Sunday"},WEEKDAY($A88,2)) -> Tuesday | C88: Yes | D88: =COUNTIFS(Intentions!$B$2:$B$365,$A88) -> 4 | E88: =COUNTIFS(Intentions!$B$2:$B$365,$A88,Intentions!$H$2:$H$365,"<>Planned") -> 4 | F88: =COUNTIFS(Intentions!$B$2:$B$365,$A88,Intentions!$H$2:$H$365,"Done")+COUNTIFS(Intentions!$B$2:$B$365,$A88,Intentions!$H$2:$H$365,"Partial") -> 2 | G88: =IF(E88=0,"",SUMIFS(Intentions!$K$2:$K$365,Intentions!$B$2:$B$365,$A88)/E88) -> 0.375 | H88: =SUMIFS(Intentions!$G$2:$G$365,Intentions!$B$2:$B$365,$A88) -> 215 | I88: =SUMIFS(Activities!$F$2:$F$190,Activities!$B$2:$B$190,$A88) -> 34 | J88: =SUMIFS(Activities!$F$2:$F$190,Activities!$B$2:$B$190,$A88,Activities!$C$2:$C$190,"Spiritual") -> 20 | K88: =SUMIFS(Activities!$F$2:$F$190,Activities!$B$2:$B$190,$A88,Activities!$C$2:$C$190,"Physical") -> 0 | L88: =SUMIFS(Activities!$F$2:$F$190,Activities!$B$2:$B$190,$A88,Activities!$C$2:$C$190,"Studies") -> 0 | M88: =SUMIFS(Activities!$F$2:$F$190,Activities!$B$2:$B$190,$A88,Activities!$C$2:$C$190,"Professional") -> 0 | N88: =SUMIFS(Activities!$F$2:$F$190,Activities!$B$2:$B$190,$A88,Activities!$C$2:$C$190,"Personal") -> 0 | O88: =SUMIFS(Activities!$F$2:$F$190,Activities!$B$2:$B$190,$A88,Activities!$C$2:$C$190,"Relationships") -> 14 | P88: =SUMIFS(Activities!$F$2:$F$190,Activities!$B$2:$B$190,$A88,Activities!$C$2:$C$190,"Leisure and creativity") -> 0 | Q88: 6.2 | S88: 1 | T88: 1 | U88: 3 | V88: 3 | W88: 121 | X88: 6233 | Y88: 2 | Z88: =COUNTIFS(Reflections!$A$2:$A$70,$A88) -> 0 | AA88: Filled in the same day | AB88: 0
A89: 46309 | B89: =INDEX({"Monday","Tuesday","Wednesday","Thursday","Friday","Saturday","Sunday"},WEEKDAY($A89,2)) -> Wednesday | C89: No | D89: =COUNTIFS(Intentions!$B$2:$B$365,$A89) -> 0 | E89: =COUNTIFS(Intentions!$B$2:$B$365,$A89,Intentions!$H$2:$H$365,"<>Planned") -> 0 | F89: =COUNTIFS(Intentions!$B$2:$B$365,$A89,Intentions!$H$2:$H$365,"Done")+COUNTIFS(Intentions!$B$2:$B$365,$A89,Intentions!$H$2:$H$365,"Partial") -> 0 | G89: =IF(E89=0,"",SUMIFS(Intentions!$K$2:$K$365,Intentions!$B$2:$B$365,$A89)/E89) | H89: =SUMIFS(Intentions!$G$2:$G$365,Intentions!$B$2:$B$365,$A89) -> 0 | I89: =SUMIFS(Activities!$F$2:$F$190,Activities!$B$2:$B$190,$A89) -> 0 | J89: =SUMIFS(Activities!$F$2:$F$190,Activities!$B$2:$B$190,$A89,Activities!$C$2:$C$190,"Spiritual") -> 0 | K89: =SUMIFS(Activities!$F$2:$F$190,Activities!$B$2:$B$190,$A89,Activities!$C$2:$C$190,"Physical") -> 0 | L89: =SUMIFS(Activities!$F$2:$F$190,Activities!$B$2:$B$190,$A89,Activities!$C$2:$C$190,"Studies") -> 0 | M89: =SUMIFS(Activities!$F$2:$F$190,Activities!$B$2:$B$190,$A89,Activities!$C$2:$C$190,"Professional") -> 0 | N89: =SUMIFS(Activities!$F$2:$F$190,Activities!$B$2:$B$190,$A89,Activities!$C$2:$C$190,"Personal") -> 0 | O89: =SUMIFS(Activities!$F$2:$F$190,Activities!$B$2:$B$190,$A89,Activities!$C$2:$C$190,"Relationships") -> 0 | P89: =SUMIFS(Activities!$F$2:$F$190,Activities!$B$2:$B$190,$A89,Activities!$C$2:$C$190,"Leisure and creativity") -> 0 | Z89: =COUNTIFS(Reflections!$A$2:$A$70,$A89) -> 0 | AA89: To catch up
A90: 46310 | B90: =INDEX({"Monday","Tuesday","Wednesday","Thursday","Friday","Saturday","Sunday"},WEEKDAY($A90,2)) -> Thursday | C90: Yes | D90: =COUNTIFS(Intentions!$B$2:$B$365,$A90) -> 4 | E90: =COUNTIFS(Intentions!$B$2:$B$365,$A90,Intentions!$H$2:$H$365,"<>Planned") -> 4 | F90: =COUNTIFS(Intentions!$B$2:$B$365,$A90,Intentions!$H$2:$H$365,"Done")+COUNTIFS(Intentions!$B$2:$B$365,$A90,Intentions!$H$2:$H$365,"Partial") -> 2 | G90: =IF(E90=0,"",SUMIFS(Intentions!$K$2:$K$365,Intentions!$B$2:$B$365,$A90)/E90) -> 0.5 | H90: =SUMIFS(Intentions!$G$2:$G$365,Intentions!$B$2:$B$365,$A90) -> 225 | I90: =SUMIFS(Activities!$F$2:$F$190,Activities!$B$2:$B$190,$A90) -> 225 | J90: =SUMIFS(Activities!$F$2:$F$190,Activities!$B$2:$B$190,$A90,Activities!$C$2:$C$190,"Spiritual") -> 0 | K90: =SUMIFS(Activities!$F$2:$F$190,Activities!$B$2:$B$190,$A90,Activities!$C$2:$C$190,"Physical") -> 0 | L90: =SUMIFS(Activities!$F$2:$F$190,Activities!$B$2:$B$190,$A90,Activities!$C$2:$C$190,"Studies") -> 225 | M90: =SUMIFS(Activities!$F$2:$F$190,Activities!$B$2:$B$190,$A90,Activities!$C$2:$C$190,"Professional") -> 0 | N90: =SUMIFS(Activities!$F$2:$F$190,Activities!$B$2:$B$190,$A90,Activities!$C$2:$C$190,"Personal") -> 0 | O90: =SUMIFS(Activities!$F$2:$F$190,Activities!$B$2:$B$190,$A90,Activities!$C$2:$C$190,"Relationships") -> 0 | P90: =SUMIFS(Activities!$F$2:$F$190,Activities!$B$2:$B$190,$A90,Activities!$C$2:$C$190,"Leisure and creativity") -> 0 | Q90: 6.3 | S90: 2 | T90: 3 | U90: 3 | V90: 2 | W90: 198 | X90: 7950 | Y90: 1.5 | Z90: =COUNTIFS(Reflections!$A$2:$A$70,$A90) -> 0 | AA90: Filled in the same day | AB90: 0
A91: 46311 | B91: =INDEX({"Monday","Tuesday","Wednesday","Thursday","Friday","Saturday","Sunday"},WEEKDAY($A91,2)) -> Friday | C91: Yes | D91: =COUNTIFS(Intentions!$B$2:$B$365,$A91) -> 5 | E91: =COUNTIFS(Intentions!$B$2:$B$365,$A91,Intentions!$H$2:$H$365,"<>Planned") -> 5 | F91: =COUNTIFS(Intentions!$B$2:$B$365,$A91,Intentions!$H$2:$H$365,"Done")+COUNTIFS(Intentions!$B$2:$B$365,$A91,Intentions!$H$2:$H$365,"Partial") -> 3 | G91: =IF(E91=0,"",SUMIFS(Intentions!$K$2:$K$365,Intentions!$B$2:$B$365,$A91)/E91) -> 0.5 | H91: =SUMIFS(Intentions!$G$2:$G$365,Intentions!$B$2:$B$365,$A91) -> 190 | I91: =SUMIFS(Activities!$F$2:$F$190,Activities!$B$2:$B$190,$A91) -> 102 | J91: =SUMIFS(Activities!$F$2:$F$190,Activities!$B$2:$B$190,$A91,Activities!$C$2:$C$190,"Spiritual") -> 15 | K91: =SUMIFS(Activities!$F$2:$F$190,Activities!$B$2:$B$190,$A91,Activities!$C$2:$C$190,"Physical") -> 0 | L91: =SUMIFS(Activities!$F$2:$F$190,Activities!$B$2:$B$190,$A91,Activities!$C$2:$C$190,"Studies") -> 61 | M91: =SUMIFS(Activities!$F$2:$F$190,Activities!$B$2:$B$190,$A91,Activities!$C$2:$C$190,"Professional") -> 0 | N91: =SUMIFS(Activities!$F$2:$F$190,Activities!$B$2:$B$190,$A91,Activities!$C$2:$C$190,"Personal") -> 0 | O91: =SUMIFS(Activities!$F$2:$F$190,Activities!$B$2:$B$190,$A91,Activities!$C$2:$C$190,"Relationships") -> 26 | P91: =SUMIFS(Activities!$F$2:$F$190,Activities!$B$2:$B$190,$A91,Activities!$C$2:$C$190,"Leisure and creativity") -> 0 | Q91: 9.3 | S91: 3 | T91: 4 | U91: 5 | V91: 4 | W91: 220 | X91: 7429 | Y91: 1.2 | Z91: =COUNTIFS(Reflections!$A$2:$A$70,$A91) -> 0 | AA91: Current day

Sheet Weekly
A1: Start | B1: End | C1: Days filled in | D1: Consistency | E1: Intentions | F1: Reviewed | G1: Done | H1: Completion rate | I1: Tracked hours | J1: Spiritual (h) | K1: Physical (h) | L1: Studies (h) | M1: Professional (h) | N1: Personal (h) | O1: Relationships (h) | P1: Leisure and creativity (h) | Q1: Average sleep (h) | R1: Average energy | S1: Average mood | T1: Average estimate gap (min)
A2: 46216 | B2: =A2+6 -> 46222 | C2: =COUNTIFS(Daily!$A$2:$A$91,">="&$A2,Daily!$A$2:$A$91,"<="&$B2,Daily!$C$2:$C$91,"Yes") -> 1 | D2: =IFERROR(C2/COUNTIFS(Daily!$A$2:$A$91,">="&$A2,Daily!$A$2:$A$91,"<="&$B2),"") -> 1 | E2: =SUMIFS(Daily!$D$2:$D$91,Daily!$A$2:$A$91,">="&$A2,Daily!$A$2:$A$91,"<="&$B2) -> 2 | F2: =SUMIFS(Daily!$E$2:$E$91,Daily!$A$2:$A$91,">="&$A2,Daily!$A$2:$A$91,"<="&$B2) -> 2 | G2: =SUMIFS(Daily!$F$2:$F$91,Daily!$A$2:$A$91,">="&$A2,Daily!$A$2:$A$91,"<="&$B2) -> 2 | H2: =IF(F2=0,"",SUMIFS(Intentions!$K$2:$K$365,Intentions!$B$2:$B$365,">="&$A2,Intentions!$B$2:$B$365,"<="&$B2)/F2) -> 1 | I2: =SUMIFS(Daily!$I$2:$I$91,Daily!$A$2:$A$91,">="&$A2,Daily!$A$2:$A$91,"<="&$B2)/60 -> 3.6166667 | J2: =SUMIFS(Daily!$J$2:$J$91,Daily!$A$2:$A$91,">="&$A2,Daily!$A$2:$A$91,"<="&$B2)/60 -> 0.35 | K2: =SUMIFS(Daily!$K$2:$K$91,Daily!$A$2:$A$91,">="&$A2,Daily!$A$2:$A$91,"<="&$B2)/60 -> 0 | L2: =SUMIFS(Daily!$L$2:$L$91,Daily!$A$2:$A$91,">="&$A2,Daily!$A$2:$A$91,"<="&$B2)/60 -> 1.7666667 | M2: =SUMIFS(Daily!$M$2:$M$91,Daily!$A$2:$A$91,">="&$A2,Daily!$A$2:$A$91,"<="&$B2)/60 -> 0 | N2: =SUMIFS(Daily!$N$2:$N$91,Daily!$A$2:$A$91,">="&$A2,Daily!$A$2:$A$91,"<="&$B2)/60 -> 0 | O2: =SUMIFS(Daily!$O$2:$O$91,Daily!$A$2:$A$91,">="&$A2,Daily!$A$2:$A$91,"<="&$B2)/60 -> 0 | P2: =SUMIFS(Daily!$P$2:$P$91,Daily!$A$2:$A$91,">="&$A2,Daily!$A$2:$A$91,"<="&$B2)/60 -> 1.5 | Q2: =IFERROR(AVERAGEIFS(Daily!$Q$2:$Q$91,Daily!$A$2:$A$91,">="&$A2,Daily!$A$2:$A$91,"<="&$B2),"") -> 7.8 | R2: =IFERROR(AVERAGEIFS(Daily!$S$2:$S$91,Daily!$A$2:$A$91,">="&$A2,Daily!$A$2:$A$91,"<="&$B2),"") -> 4 | S2: =IFERROR(AVERAGEIFS(Daily!$U$2:$U$91,Daily!$A$2:$A$91,">="&$A2,Daily!$A$2:$A$91,"<="&$B2),"") -> 5 | T2: =IFERROR(AVERAGEIFS(Intentions!$J$2:$J$365,Intentions!$B$2:$B$365,">="&$A2,Intentions!$B$2:$B$365,"<="&$B2),"") -> 26
A3: 46223 | B3: =A3+6 -> 46229 | C3: =COUNTIFS(Daily!$A$2:$A$91,">="&$A3,Daily!$A$2:$A$91,"<="&$B3,Daily!$C$2:$C$91,"Yes") -> 6 | D3: =IFERROR(C3/COUNTIFS(Daily!$A$2:$A$91,">="&$A3,Daily!$A$2:$A$91,"<="&$B3),"") -> 0.85714286 | E3: =SUMIFS(Daily!$D$2:$D$91,Daily!$A$2:$A$91,">="&$A3,Daily!$A$2:$A$91,"<="&$B3) -> 29 | F3: =SUMIFS(Daily!$E$2:$E$91,Daily!$A$2:$A$91,">="&$A3,Daily!$A$2:$A$91,"<="&$B3) -> 29 | G3: =SUMIFS(Daily!$F$2:$F$91,Daily!$A$2:$A$91,">="&$A3,Daily!$A$2:$A$91,"<="&$B3) -> 17 | H3: =IF(F3=0,"",SUMIFS(Intentions!$K$2:$K$365,Intentions!$B$2:$B$365,">="&$A3,Intentions!$B$2:$B$365,"<="&$B3)/F3) -> 0.53448276 | I3: =SUMIFS(Daily!$I$2:$I$91,Daily!$A$2:$A$91,">="&$A3,Daily!$A$2:$A$91,"<="&$B3)/60 -> 15.25 | J3: =SUMIFS(Daily!$J$2:$J$91,Daily!$A$2:$A$91,">="&$A3,Daily!$A$2:$A$91,"<="&$B3)/60 -> 0.88333333 | K3: =SUMIFS(Daily!$K$2:$K$91,Daily!$A$2:$A$91,">="&$A3,Daily!$A$2:$A$91,"<="&$B3)/60 -> 1.9666667 | L3: =SUMIFS(Daily!$L$2:$L$91,Daily!$A$2:$A$91,">="&$A3,Daily!$A$2:$A$91,"<="&$B3)/60 -> 6.8333333 | M3: =SUMIFS(Daily!$M$2:$M$91,Daily!$A$2:$A$91,">="&$A3,Daily!$A$2:$A$91,"<="&$B3)/60 -> 1.8 | N3: =SUMIFS(Daily!$N$2:$N$91,Daily!$A$2:$A$91,">="&$A3,Daily!$A$2:$A$91,"<="&$B3)/60 -> 0.65 | O3: =SUMIFS(Daily!$O$2:$O$91,Daily!$A$2:$A$91,">="&$A3,Daily!$A$2:$A$91,"<="&$B3)/60 -> 0.61666667 | P3: =SUMIFS(Daily!$P$2:$P$91,Daily!$A$2:$A$91,">="&$A3,Daily!$A$2:$A$91,"<="&$B3)/60 -> 2.5 | Q3: =IFERROR(AVERAGEIFS(Daily!$Q$2:$Q$91,Daily!$A$2:$A$91,">="&$A3,Daily!$A$2:$A$91,"<="&$B3),"") -> 7.35 | R3: =IFERROR(AVERAGEIFS(Daily!$S$2:$S$91,Daily!$A$2:$A$91,">="&$A3,Daily!$A$2:$A$91,"<="&$B3),"") -> 3.3333333 | S3: =IFERROR(AVERAGEIFS(Daily!$U$2:$U$91,Daily!$A$2:$A$91,">="&$A3,Daily!$A$2:$A$91,"<="&$B3),"") -> 3.1666667 | T3: =IFERROR(AVERAGEIFS(Intentions!$J$2:$J$365,Intentions!$B$2:$B$365,">="&$A3,Intentions!$B$2:$B$365,"<="&$B3),"") -> 2.0588235
A4: 46230 | B4: =A4+6 -> 46236 | C4: =COUNTIFS(Daily!$A$2:$A$91,">="&$A4,Daily!$A$2:$A$91,"<="&$B4,Daily!$C$2:$C$91,"Yes") -> 6 | D4: =IFERROR(C4/COUNTIFS(Daily!$A$2:$A$91,">="&$A4,Daily!$A$2:$A$91,"<="&$B4),"") -> 0.85714286 | E4: =SUMIFS(Daily!$D$2:$D$91,Daily!$A$2:$A$91,">="&$A4,Daily!$A$2:$A$91,"<="&$B4) -> 27 | F4: =SUMIFS(Daily!$E$2:$E$91,Daily!$A$2:$A$91,">="&$A4,Daily!$A$2:$A$91,"<="&$B4) -> 20 | G4: =SUMIFS(Daily!$F$2:$F$91,Daily!$A$2:$A$91,">="&$A4,Daily!$A$2:$A$91,"<="&$B4) -> 6 | H4: =IF(F4=0,"",SUMIFS(Intentions!$K$2:$K$365,Intentions!$B$2:$B$365,">="&$A4,Intentions!$B$2:$B$365,"<="&$B4)/F4) -> 0.275 | I4: =SUMIFS(Daily!$I$2:$I$91,Daily!$A$2:$A$91,">="&$A4,Daily!$A$2:$A$91,"<="&$B4)/60 -> 6.0666667 | J4: =SUMIFS(Daily!$J$2:$J$91,Daily!$A$2:$A$91,">="&$A4,Daily!$A$2:$A$91,"<="&$B4)/60 -> 0.28333333 | K4: =SUMIFS(Daily!$K$2:$K$91,Daily!$A$2:$A$91,">="&$A4,Daily!$A$2:$A$91,"<="&$B4)/60 -> 0.56666667 | L4: =SUMIFS(Daily!$L$2:$L$91,Daily!$A$2:$A$91,">="&$A4,Daily!$A$2:$A$91,"<="&$B4)/60 -> 3.7166667 | M4: =SUMIFS(Daily!$M$2:$M$91,Daily!$A$2:$A$91,">="&$A4,Daily!$A$2:$A$91,"<="&$B4)/60 -> 0 | N4: =SUMIFS(Daily!$N$2:$N$91,Daily!$A$2:$A$91,">="&$A4,Daily!$A$2:$A$91,"<="&$B4)/60 -> 0 | O4: =SUMIFS(Daily!$O$2:$O$91,Daily!$A$2:$A$91,">="&$A4,Daily!$A$2:$A$91,"<="&$B4)/60 -> 0 | P4: =SUMIFS(Daily!$P$2:$P$91,Daily!$A$2:$A$91,">="&$A4,Daily!$A$2:$A$91,"<="&$B4)/60 -> 1.5 | Q4: =IFERROR(AVERAGEIFS(Daily!$Q$2:$Q$91,Daily!$A$2:$A$91,">="&$A4,Daily!$A$2:$A$91,"<="&$B4),"") -> 7.4666667 | R4: =IFERROR(AVERAGEIFS(Daily!$S$2:$S$91,Daily!$A$2:$A$91,">="&$A4,Daily!$A$2:$A$91,"<="&$B4),"") -> 3.1666667 | S4: =IFERROR(AVERAGEIFS(Daily!$U$2:$U$91,Daily!$A$2:$A$91,">="&$A4,Daily!$A$2:$A$91,"<="&$B4),"") -> 3.1666667 | T4: =IFERROR(AVERAGEIFS(Intentions!$J$2:$J$365,Intentions!$B$2:$B$365,">="&$A4,Intentions!$B$2:$B$365,"<="&$B4),"") -> -2.6666667
A5: 46237 | B5: =A5+6 -> 46243 | C5: =COUNTIFS(Daily!$A$2:$A$91,">="&$A5,Daily!$A$2:$A$91,"<="&$B5,Daily!$C$2:$C$91,"Yes") -> 7 | D5: =IFERROR(C5/COUNTIFS(Daily!$A$2:$A$91,">="&$A5,Daily!$A$2:$A$91,"<="&$B5),"") -> 1 | E5: =SUMIFS(Daily!$D$2:$D$91,Daily!$A$2:$A$91,">="&$A5,Daily!$A$2:$A$91,"<="&$B5) -> 31 | F5: =SUMIFS(Daily!$E$2:$E$91,Daily!$A$2:$A$91,">="&$A5,Daily!$A$2:$A$91,"<="&$B5) -> 31 | G5: =SUMIFS(Daily!$F$2:$F$91,Daily!$A$2:$A$91,">="&$A5,Daily!$A$2:$A$91,"<="&$B5) -> 16 | H5: =IF(F5=0,"",SUMIFS(Intentions!$K$2:$K$365,Intentions!$B$2:$B$365,">="&$A5,Intentions!$B$2:$B$365,"<="&$B5)/F5) -> 0.51612903 | I5: =SUMIFS(Daily!$I$2:$I$91,Daily!$A$2:$A$91,">="&$A5,Daily!$A$2:$A$91,"<="&$B5)/60 -> 20.733333 | J5: =SUMIFS(Daily!$J$2:$J$91,Daily!$A$2:$A$91,">="&$A5,Daily!$A$2:$A$91,"<="&$B5)/60 -> 0.66666667 | K5: =SUMIFS(Daily!$K$2:$K$91,Daily!$A$2:$A$91,">="&$A5,Daily!$A$2:$A$91,"<="&$B5)/60 -> 2.0833333 | L5: =SUMIFS(Daily!$L$2:$L$91,Daily!$A$2:$A$91,">="&$A5,Daily!$A$2:$A$91,"<="&$B5)/60 -> 13.666667 | M5: =SUMIFS(Daily!$M$2:$M$91,Daily!$A$2:$A$91,">="&$A5,Daily!$A$2:$A$91,"<="&$B5)/60 -> 0 | N5: =SUMIFS(Daily!$N$2:$N$91,Daily!$A$2:$A$91,">="&$A5,Daily!$A$2:$A$91,"<="&$B5)/60 -> 0.58333333 | O5: =SUMIFS(Daily!$O$2:$O$91,Daily!$A$2:$A$91,">="&$A5,Daily!$A$2:$A$91,"<="&$B5)/60 -> 0.73333333 | P5: =SUMIFS(Daily!$P$2:$P$91,Daily!$A$2:$A$91,">="&$A5,Daily!$A$2:$A$91,"<="&$B5)/60 -> 3 | Q5: =IFERROR(AVERAGEIFS(Daily!$Q$2:$Q$91,Daily!$A$2:$A$91,">="&$A5,Daily!$A$2:$A$91,"<="&$B5),"") -> 6.5285714 | R5: =IFERROR(AVERAGEIFS(Daily!$S$2:$S$91,Daily!$A$2:$A$91,">="&$A5,Daily!$A$2:$A$91,"<="&$B5),"") -> 2.8571429 | S5: =IFERROR(AVERAGEIFS(Daily!$U$2:$U$91,Daily!$A$2:$A$91,">="&$A5,Daily!$A$2:$A$91,"<="&$B5),"") -> 3.2857143 | T5: =IFERROR(AVERAGEIFS(Intentions!$J$2:$J$365,Intentions!$B$2:$B$365,">="&$A5,Intentions!$B$2:$B$365,"<="&$B5),"") -> 12.75
A6: 46244 | B6: =A6+6 -> 46250 | C6: =COUNTIFS(Daily!$A$2:$A$91,">="&$A6,Daily!$A$2:$A$91,"<="&$B6,Daily!$C$2:$C$91,"Yes") -> 7 | D6: =IFERROR(C6/COUNTIFS(Daily!$A$2:$A$91,">="&$A6,Daily!$A$2:$A$91,"<="&$B6),"") -> 1 | E6: =SUMIFS(Daily!$D$2:$D$91,Daily!$A$2:$A$91,">="&$A6,Daily!$A$2:$A$91,"<="&$B6) -> 40 | F6: =SUMIFS(Daily!$E$2:$E$91,Daily!$A$2:$A$91,">="&$A6,Daily!$A$2:$A$91,"<="&$B6) -> 40 | G6: =SUMIFS(Daily!$F$2:$F$91,Daily!$A$2:$A$91,">="&$A6,Daily!$A$2:$A$91,"<="&$B6) -> 19 | H6: =IF(F6=0,"",SUMIFS(Intentions!$K$2:$K$365,Intentions!$B$2:$B$365,">="&$A6,Intentions!$B$2:$B$365,"<="&$B6)/F6) -> 0.45 | I6: =SUMIFS(Daily!$I$2:$I$91,Daily!$A$2:$A$91,">="&$A6,Daily!$A$2:$A$91,"<="&$B6)/60 -> 17.233333 | J6: =SUMIFS(Daily!$J$2:$J$91,Daily!$A$2:$A$91,">="&$A6,Daily!$A$2:$A$91,"<="&$B6)/60 -> 0.61666667 | K6: =SUMIFS(Daily!$K$2:$K$91,Daily!$A$2:$A$91,">="&$A6,Daily!$A$2:$A$91,"<="&$B6)/60 -> 1.8666667 | L6: =SUMIFS(Daily!$L$2:$L$91,Daily!$A$2:$A$91,">="&$A6,Daily!$A$2:$A$91,"<="&$B6)/60 -> 6.2333333 | M6: =SUMIFS(Daily!$M$2:$M$91,Daily!$A$2:$A$91,">="&$A6,Daily!$A$2:$A$91,"<="&$B6)/60 -> 3.7 | N6: =SUMIFS(Daily!$N$2:$N$91,Daily!$A$2:$A$91,">="&$A6,Daily!$A$2:$A$91,"<="&$B6)/60 -> 0.9 | O6: =SUMIFS(Daily!$O$2:$O$91,Daily!$A$2:$A$91,">="&$A6,Daily!$A$2:$A$91,"<="&$B6)/60 -> 0.91666667 | P6: =SUMIFS(Daily!$P$2:$P$91,Daily!$A$2:$A$91,">="&$A6,Daily!$A$2:$A$91,"<="&$B6)/60 -> 3 | Q6: =IFERROR(AVERAGEIFS(Daily!$Q$2:$Q$91,Daily!$A$2:$A$91,">="&$A6,Daily!$A$2:$A$91,"<="&$B6),"") -> 7.0142857 | R6: =IFERROR(AVERAGEIFS(Daily!$S$2:$S$91,Daily!$A$2:$A$91,">="&$A6,Daily!$A$2:$A$91,"<="&$B6),"") -> 3.4285714 | S6: =IFERROR(AVERAGEIFS(Daily!$U$2:$U$91,Daily!$A$2:$A$91,">="&$A6,Daily!$A$2:$A$91,"<="&$B6),"") -> 3.4285714 | T6: =IFERROR(AVERAGEIFS(Intentions!$J$2:$J$365,Intentions!$B$2:$B$365,">="&$A6,Intentions!$B$2:$B$365,"<="&$B6),"") -> 5.7368421
A7: 46251 | B7: =A7+6 -> 46257 | C7: =COUNTIFS(Daily!$A$2:$A$91,">="&$A7,Daily!$A$2:$A$91,"<="&$B7,Daily!$C$2:$C$91,"Yes") -> 7 | D7: =IFERROR(C7/COUNTIFS(Daily!$A$2:$A$91,">="&$A7,Daily!$A$2:$A$91,"<="&$B7),"") -> 1 | E7: =SUMIFS(Daily!$D$2:$D$91,Daily!$A$2:$A$91,">="&$A7,Daily!$A$2:$A$91,"<="&$B7) -> 27 | F7: =SUMIFS(Daily!$E$2:$E$91,Daily!$A$2:$A$91,">="&$A7,Daily!$A$2:$A$91,"<="&$B7) -> 27 | G7: =SUMIFS(Daily!$F$2:$F$91,Daily!$A$2:$A$91,">="&$A7,Daily!$A$2:$A$91,"<="&$B7) -> 11 | H7: =IF(F7=0,"",SUMIFS(Intentions!$K$2:$K$365,Intentions!$B$2:$B$365,">="&$A7,Intentions!$B$2:$B$365,"<="&$B7)/F7) -> 0.38888889 | I7: =SUMIFS(Daily!$I$2:$I$91,Daily!$A$2:$A$91,">="&$A7,Daily!$A$2:$A$91,"<="&$B7)/60 -> 6.0333333 | J7: =SUMIFS(Daily!$J$2:$J$91,Daily!$A$2:$A$91,">="&$A7,Daily!$A$2:$A$91,"<="&$B7)/60 -> 1.15 | K7: =SUMIFS(Daily!$K$2:$K$91,Daily!$A$2:$A$91,">="&$A7,Daily!$A$2:$A$91,"<="&$B7)/60 -> 0.66666667 | L7: =SUMIFS(Daily!$L$2:$L$91,Daily!$A$2:$A$91,">="&$A7,Daily!$A$2:$A$91,"<="&$B7)/60 -> 3.1666667 | M7: =SUMIFS(Daily!$M$2:$M$91,Daily!$A$2:$A$91,">="&$A7,Daily!$A$2:$A$91,"<="&$B7)/60 -> 0 | N7: =SUMIFS(Daily!$N$2:$N$91,Daily!$A$2:$A$91,">="&$A7,Daily!$A$2:$A$91,"<="&$B7)/60 -> 0.41666667 | O7: =SUMIFS(Daily!$O$2:$O$91,Daily!$A$2:$A$91,">="&$A7,Daily!$A$2:$A$91,"<="&$B7)/60 -> 0.63333333 | P7: =SUMIFS(Daily!$P$2:$P$91,Daily!$A$2:$A$91,">="&$A7,Daily!$A$2:$A$91,"<="&$B7)/60 -> 0 | Q7: =IFERROR(AVERAGEIFS(Daily!$Q$2:$Q$91,Daily!$A$2:$A$91,">="&$A7,Daily!$A$2:$A$91,"<="&$B7),"") -> 7.1 | R7: =IFERROR(AVERAGEIFS(Daily!$S$2:$S$91,Daily!$A$2:$A$91,">="&$A7,Daily!$A$2:$A$91,"<="&$B7),"") -> 3 | S7: =IFERROR(AVERAGEIFS(Daily!$U$2:$U$91,Daily!$A$2:$A$91,">="&$A7,Daily!$A$2:$A$91,"<="&$B7),"") -> 3 | T7: =IFERROR(AVERAGEIFS(Intentions!$J$2:$J$365,Intentions!$B$2:$B$365,">="&$A7,Intentions!$B$2:$B$365,"<="&$B7),"") -> 1.0909091
A8: 46258 | B8: =A8+6 -> 46264 | C8: =COUNTIFS(Daily!$A$2:$A$91,">="&$A8,Daily!$A$2:$A$91,"<="&$B8,Daily!$C$2:$C$91,"Yes") -> 6 | D8: =IFERROR(C8/COUNTIFS(Daily!$A$2:$A$91,">="&$A8,Daily!$A$2:$A$91,"<="&$B8),"") -> 0.85714286 | E8: =SUMIFS(Daily!$D$2:$D$91,Daily!$A$2:$A$91,">="&$A8,Daily!$A$2:$A$91,"<="&$B8) -> 25 | F8: =SUMIFS(Daily!$E$2:$E$91,Daily!$A$2:$A$91,">="&$A8,Daily!$A$2:$A$91,"<="&$B8) -> 25 | G8: =SUMIFS(Daily!$F$2:$F$91,Daily!$A$2:$A$91,">="&$A8,Daily!$A$2:$A$91,"<="&$B8) -> 10 | H8: =IF(F8=0,"",SUMIFS(Intentions!$K$2:$K$365,Intentions!$B$2:$B$365,">="&$A8,Intentions!$B$2:$B$365,"<="&$B8)/F8) -> 0.4 | I8: =SUMIFS(Daily!$I$2:$I$91,Daily!$A$2:$A$91,">="&$A8,Daily!$A$2:$A$91,"<="&$B8)/60 -> 8.25 | J8: =SUMIFS(Daily!$J$2:$J$91,Daily!$A$2:$A$91,">="&$A8,Daily!$A$2:$A$91,"<="&$B8)/60 -> 1.2666667 | K8: =SUMIFS(Daily!$K$2:$K$91,Daily!$A$2:$A$91,">="&$A8,Daily!$A$2:$A$91,"<="&$B8)/60 -> 0 | L8: =SUMIFS(Daily!$L$2:$L$91,Daily!$A$2:$A$91,">="&$A8,Daily!$A$2:$A$91,"<="&$B8)/60 -> 5.1833333 | M8: =SUMIFS(Daily!$M$2:$M$91,Daily!$A$2:$A$91,">="&$A8,Daily!$A$2:$A$91,"<="&$B8)/60 -> 0.98333333 | N8: =SUMIFS(Daily!$N$2:$N$91,Daily!$A$2:$A$91,">="&$A8,Daily!$A$2:$A$91,"<="&$B8)/60 -> 0 | O8: =SUMIFS(Daily!$O$2:$O$91,Daily!$A$2:$A$91,">="&$A8,Daily!$A$2:$A$91,"<="&$B8)/60 -> 0.36666667 | P8: =SUMIFS(Daily!$P$2:$P$91,Daily!$A$2:$A$91,">="&$A8,Daily!$A$2:$A$91,"<="&$B8)/60 -> 0.45 | Q8: =IFERROR(AVERAGEIFS(Daily!$Q$2:$Q$91,Daily!$A$2:$A$91,">="&$A8,Daily!$A$2:$A$91,"<="&$B8),"") -> 7.2666667 | R8: =IFERROR(AVERAGEIFS(Daily!$S$2:$S$91,Daily!$A$2:$A$91,">="&$A8,Daily!$A$2:$A$91,"<="&$B8),"") -> 3.5 | S8: =IFERROR(AVERAGEIFS(Daily!$U$2:$U$91,Daily!$A$2:$A$91,">="&$A8,Daily!$A$2:$A$91,"<="&$B8),"") -> 3.1666667 | T8: =IFERROR(AVERAGEIFS(Intentions!$J$2:$J$365,Intentions!$B$2:$B$365,">="&$A8,Intentions!$B$2:$B$365,"<="&$B8),"") -> 9.5
A9: 46265 | B9: =A9+6 -> 46271 | C9: =COUNTIFS(Daily!$A$2:$A$91,">="&$A9,Daily!$A$2:$A$91,"<="&$B9,Daily!$C$2:$C$91,"Yes") -> 7 | D9: =IFERROR(C9/COUNTIFS(Daily!$A$2:$A$91,">="&$A9,Daily!$A$2:$A$91,"<="&$B9),"") -> 1 | E9: =SUMIFS(Daily!$D$2:$D$91,Daily!$A$2:$A$91,">="&$A9,Daily!$A$2:$A$91,"<="&$B9) -> 30 | F9: =SUMIFS(Daily!$E$2:$E$91,Daily!$A$2:$A$91,">="&$A9,Daily!$A$2:$A$91,"<="&$B9) -> 26 | G9: =SUMIFS(Daily!$F$2:$F$91,Daily!$A$2:$A$91,">="&$A9,Daily!$A$2:$A$91,"<="&$B9) -> 12 | H9: =IF(F9=0,"",SUMIFS(Intentions!$K$2:$K$365,Intentions!$B$2:$B$365,">="&$A9,Intentions!$B$2:$B$365,"<="&$B9)/F9) -> 0.46153846 | I9: =SUMIFS(Daily!$I$2:$I$91,Daily!$A$2:$A$91,">="&$A9,Daily!$A$2:$A$91,"<="&$B9)/60 -> 7.9333333 | J9: =SUMIFS(Daily!$J$2:$J$91,Daily!$A$2:$A$91,">="&$A9,Daily!$A$2:$A$91,"<="&$B9)/60 -> 1.1333333 | K9: =SUMIFS(Daily!$K$2:$K$91,Daily!$A$2:$A$91,">="&$A9,Daily!$A$2:$A$91,"<="&$B9)/60 -> 0.4 | L9: =SUMIFS(Daily!$L$2:$L$91,Daily!$A$2:$A$91,">="&$A9,Daily!$A$2:$A$91,"<="&$B9)/60 -> 2.8833333 | M9: =SUMIFS(Daily!$M$2:$M$91,Daily!$A$2:$A$91,">="&$A9,Daily!$A$2:$A$91,"<="&$B9)/60 -> 0 | N9: =SUMIFS(Daily!$N$2:$N$91,Daily!$A$2:$A$91,">="&$A9,Daily!$A$2:$A$91,"<="&$B9)/60 -> 1.2666667 | O9: =SUMIFS(Daily!$O$2:$O$91,Daily!$A$2:$A$91,">="&$A9,Daily!$A$2:$A$91,"<="&$B9)/60 -> 0.25 | P9: =SUMIFS(Daily!$P$2:$P$91,Daily!$A$2:$A$91,">="&$A9,Daily!$A$2:$A$91,"<="&$B9)/60 -> 2 | Q9: =IFERROR(AVERAGEIFS(Daily!$Q$2:$Q$91,Daily!$A$2:$A$91,">="&$A9,Daily!$A$2:$A$91,"<="&$B9),"") -> 7.1142857 | R9: =IFERROR(AVERAGEIFS(Daily!$S$2:$S$91,Daily!$A$2:$A$91,">="&$A9,Daily!$A$2:$A$91,"<="&$B9),"") -> 3 | S9: =IFERROR(AVERAGEIFS(Daily!$U$2:$U$91,Daily!$A$2:$A$91,">="&$A9,Daily!$A$2:$A$91,"<="&$B9),"") -> 3 | T9: =IFERROR(AVERAGEIFS(Intentions!$J$2:$J$365,Intentions!$B$2:$B$365,">="&$A9,Intentions!$B$2:$B$365,"<="&$B9),"") -> -1.5833333
A10: 46272 | B10: =A10+6 -> 46278 | C10: =COUNTIFS(Daily!$A$2:$A$91,">="&$A10,Daily!$A$2:$A$91,"<="&$B10,Daily!$C$2:$C$91,"Yes") -> 5 | D10: =IFERROR(C10/COUNTIFS(Daily!$A$2:$A$91,">="&$A10,Daily!$A$2:$A$91,"<="&$B10),"") -> 0.71428571 | E10: =SUMIFS(Daily!$D$2:$D$91,Daily!$A$2:$A$91,">="&$A10,Daily!$A$2:$A$91,"<="&$B10) -> 23 | F10: =SUMIFS(Daily!$E$2:$E$91,Daily!$A$2:$A$91,">="&$A10,Daily!$A$2:$A$91,"<="&$B10) -> 23 | G10: =SUMIFS(Daily!$F$2:$F$91,Daily!$A$2:$A$91,">="&$A10,Daily!$A$2:$A$91,"<="&$B10) -> 9 | H10: =IF(F10=0,"",SUMIFS(Intentions!$K$2:$K$365,Intentions!$B$2:$B$365,">="&$A10,Intentions!$B$2:$B$365,"<="&$B10)/F10) -> 0.30434783 | I10: =SUMIFS(Daily!$I$2:$I$91,Daily!$A$2:$A$91,">="&$A10,Daily!$A$2:$A$91,"<="&$B10)/60 -> 9.45 | J10: =SUMIFS(Daily!$J$2:$J$91,Daily!$A$2:$A$91,">="&$A10,Daily!$A$2:$A$91,"<="&$B10)/60 -> 0.5 | K10: =SUMIFS(Daily!$K$2:$K$91,Daily!$A$2:$A$91,">="&$A10,Daily!$A$2:$A$91,"<="&$B10)/60 -> 1.15 | L10: =SUMIFS(Daily!$L$2:$L$91,Daily!$A$2:$A$91,">="&$A10,Daily!$A$2:$A$91,"<="&$B10)/60 -> 4.2 | M10: =SUMIFS(Daily!$M$2:$M$91,Daily!$A$2:$A$91,">="&$A10,Daily!$A$2:$A$91,"<="&$B10)/60 -> 0 | N10: =SUMIFS(Daily!$N$2:$N$91,Daily!$A$2:$A$91,">="&$A10,Daily!$A$2:$A$91,"<="&$B10)/60 -> 0 | O10: =SUMIFS(Daily!$O$2:$O$91,Daily!$A$2:$A$91,">="&$A10,Daily!$A$2:$A$91,"<="&$B10)/60 -> 0.6 | P10: =SUMIFS(Daily!$P$2:$P$91,Daily!$A$2:$A$91,">="&$A10,Daily!$A$2:$A$91,"<="&$B10)/60 -> 3 | Q10: =IFERROR(AVERAGEIFS(Daily!$Q$2:$Q$91,Daily!$A$2:$A$91,">="&$A10,Daily!$A$2:$A$91,"<="&$B10),"") -> 6.72 | R10: =IFERROR(AVERAGEIFS(Daily!$S$2:$S$91,Daily!$A$2:$A$91,">="&$A10,Daily!$A$2:$A$91,"<="&$B10),"") -> 3.2 | S10: =IFERROR(AVERAGEIFS(Daily!$U$2:$U$91,Daily!$A$2:$A$91,">="&$A10,Daily!$A$2:$A$91,"<="&$B10),"") -> 3.4 | T10: =IFERROR(AVERAGEIFS(Intentions!$J$2:$J$365,Intentions!$B$2:$B$365,">="&$A10,Intentions!$B$2:$B$365,"<="&$B10),"") -> -0.88888889
A11: 46279 | B11: =A11+6 -> 46285 | C11: =COUNTIFS(Daily!$A$2:$A$91,">="&$A11,Daily!$A$2:$A$91,"<="&$B11,Daily!$C$2:$C$91,"Yes") -> 7 | D11: =IFERROR(C11/COUNTIFS(Daily!$A$2:$A$91,">="&$A11,Daily!$A$2:$A$91,"<="&$B11),"") -> 1 | E11: =SUMIFS(Daily!$D$2:$D$91,Daily!$A$2:$A$91,">="&$A11,Daily!$A$2:$A$91,"<="&$B11) -> 33 | F11: =SUMIFS(Daily!$E$2:$E$91,Daily!$A$2:$A$91,">="&$A11,Daily!$A$2:$A$91,"<="&$B11) -> 33 | G11: =SUMIFS(Daily!$F$2:$F$91,Daily!$A$2:$A$91,">="&$A11,Daily!$A$2:$A$91,"<="&$B11) -> 16 | H11: =IF(F11=0,"",SUMIFS(Intentions!$K$2:$K$365,Intentions!$B$2:$B$365,">="&$A11,Intentions!$B$2:$B$365,"<="&$B11)/F11) -> 0.45454545 | I11: =SUMIFS(Daily!$I$2:$I$91,Daily!$A$2:$A$91,">="&$A11,Daily!$A$2:$A$91,"<="&$B11)/60 -> 18.666667 | J11: =SUMIFS(Daily!$J$2:$J$91,Daily!$A$2:$A$91,">="&$A11,Daily!$A$2:$A$91,"<="&$B11)/60 -> 1.4 | K11: =SUMIFS(Daily!$K$2:$K$91,Daily!$A$2:$A$91,">="&$A11,Daily!$A$2:$A$91,"<="&$B11)/60 -> 0.63333333 | L11: =SUMIFS(Daily!$L$2:$L$91,Daily!$A$2:$A$91,">="&$A11,Daily!$A$2:$A$91,"<="&$B11)/60 -> 7.65 | M11: =SUMIFS(Daily!$M$2:$M$91,Daily!$A$2:$A$91,">="&$A11,Daily!$A$2:$A$91,"<="&$B11)/60 -> 1.9166667 | N11: =SUMIFS(Daily!$N$2:$N$91,Daily!$A$2:$A$91,">="&$A11,Daily!$A$2:$A$91,"<="&$B11)/60 -> 0.3 | O11: =SUMIFS(Daily!$O$2:$O$91,Daily!$A$2:$A$91,">="&$A11,Daily!$A$2:$A$91,"<="&$B11)/60 -> 0 | P11: =SUMIFS(Daily!$P$2:$P$91,Daily!$A$2:$A$91,">="&$A11,Daily!$A$2:$A$91,"<="&$B11)/60 -> 6.7666667 | Q11: =IFERROR(AVERAGEIFS(Daily!$Q$2:$Q$91,Daily!$A$2:$A$91,">="&$A11,Daily!$A$2:$A$91,"<="&$B11),"") -> 6.6571429 | R11: =IFERROR(AVERAGEIFS(Daily!$S$2:$S$91,Daily!$A$2:$A$91,">="&$A11,Daily!$A$2:$A$91,"<="&$B11),"") -> 2.7142857 | S11: =IFERROR(AVERAGEIFS(Daily!$U$2:$U$91,Daily!$A$2:$A$91,">="&$A11,Daily!$A$2:$A$91,"<="&$B11),"") -> 2.8571429 | T11: =IFERROR(AVERAGEIFS(Intentions!$J$2:$J$365,Intentions!$B$2:$B$365,">="&$A11,Intentions!$B$2:$B$365,"<="&$B11),"") -> 2.5
A12: 46286 | B12: =A12+6 -> 46292 | C12: =COUNTIFS(Daily!$A$2:$A$91,">="&$A12,Daily!$A$2:$A$91,"<="&$B12,Daily!$C$2:$C$91,"Yes") -> 6 | D12: =IFERROR(C12/COUNTIFS(Daily!$A$2:$A$91,">="&$A12,Daily!$A$2:$A$91,"<="&$B12),"") -> 0.85714286 | E12: =SUMIFS(Daily!$D$2:$D$91,Daily!$A$2:$A$91,">="&$A12,Daily!$A$2:$A$91,"<="&$B12) -> 21 | F12: =SUMIFS(Daily!$E$2:$E$91,Daily!$A$2:$A$91,">="&$A12,Daily!$A$2:$A$91,"<="&$B12) -> 21 | G12: =SUMIFS(Daily!$F$2:$F$91,Daily!$A$2:$A$91,">="&$A12,Daily!$A$2:$A$91,"<="&$B12) -> 11 | H12: =IF(F12=0,"",SUMIFS(Intentions!$K$2:$K$365,Intentions!$B$2:$B$365,">="&$A12,Intentions!$B$2:$B$365,"<="&$B12)/F12) -> 0.5 | I12: =SUMIFS(Daily!$I$2:$I$91,Daily!$A$2:$A$91,">="&$A12,Daily!$A$2:$A$91,"<="&$B12)/60 -> 11.866667 | J12: =SUMIFS(Daily!$J$2:$J$91,Daily!$A$2:$A$91,">="&$A12,Daily!$A$2:$A$91,"<="&$B12)/60 -> 1.2833333 | K12: =SUMIFS(Daily!$K$2:$K$91,Daily!$A$2:$A$91,">="&$A12,Daily!$A$2:$A$91,"<="&$B12)/60 -> 0.58333333 | L12: =SUMIFS(Daily!$L$2:$L$91,Daily!$A$2:$A$91,">="&$A12,Daily!$A$2:$A$91,"<="&$B12)/60 -> 5.7333333 | M12: =SUMIFS(Daily!$M$2:$M$91,Daily!$A$2:$A$91,">="&$A12,Daily!$A$2:$A$91,"<="&$B12)/60 -> 0 | N12: =SUMIFS(Daily!$N$2:$N$91,Daily!$A$2:$A$91,">="&$A12,Daily!$A$2:$A$91,"<="&$B12)/60 -> 0.25 | O12: =SUMIFS(Daily!$O$2:$O$91,Daily!$A$2:$A$91,">="&$A12,Daily!$A$2:$A$91,"<="&$B12)/60 -> 0 | P12: =SUMIFS(Daily!$P$2:$P$91,Daily!$A$2:$A$91,">="&$A12,Daily!$A$2:$A$91,"<="&$B12)/60 -> 4.0166667 | Q12: =IFERROR(AVERAGEIFS(Daily!$Q$2:$Q$91,Daily!$A$2:$A$91,">="&$A12,Daily!$A$2:$A$91,"<="&$B12),"") -> 6.9 | R12: =IFERROR(AVERAGEIFS(Daily!$S$2:$S$91,Daily!$A$2:$A$91,">="&$A12,Daily!$A$2:$A$91,"<="&$B12),"") -> 3.5 | S12: =IFERROR(AVERAGEIFS(Daily!$U$2:$U$91,Daily!$A$2:$A$91,">="&$A12,Daily!$A$2:$A$91,"<="&$B12),"") -> 3.3333333 | T12: =IFERROR(AVERAGEIFS(Intentions!$J$2:$J$365,Intentions!$B$2:$B$365,">="&$A12,Intentions!$B$2:$B$365,"<="&$B12),"") -> 8.8181818
A13: 46293 | B13: =A13+6 -> 46299 | C13: =COUNTIFS(Daily!$A$2:$A$91,">="&$A13,Daily!$A$2:$A$91,"<="&$B13,Daily!$C$2:$C$91,"Yes") -> 7 | D13: =IFERROR(C13/COUNTIFS(Daily!$A$2:$A$91,">="&$A13,Daily!$A$2:$A$91,"<="&$B13),"") -> 1 | E13: =SUMIFS(Daily!$D$2:$D$91,Daily!$A$2:$A$91,">="&$A13,Daily!$A$2:$A$91,"<="&$B13) -> 34 | F13: =SUMIFS(Daily!$E$2:$E$91,Daily!$A$2:$A$91,">="&$A13,Daily!$A$2:$A$91,"<="&$B13) -> 34 | G13: =SUMIFS(Daily!$F$2:$F$91,Daily!$A$2:$A$91,">="&$A13,Daily!$A$2:$A$91,"<="&$B13) -> 17 | H13: =IF(F13=0,"",SUMIFS(Intentions!$K$2:$K$365,Intentions!$B$2:$B$365,">="&$A13,Intentions!$B$2:$B$365,"<="&$B13)/F13) -> 0.45588235 | I13: =SUMIFS(Daily!$I$2:$I$91,Daily!$A$2:$A$91,">="&$A13,Daily!$A$2:$A$91,"<="&$B13)/60 -> 15.8 | J13: =SUMIFS(Daily!$J$2:$J$91,Daily!$A$2:$A$91,">="&$A13,Daily!$A$2:$A$91,"<="&$B13)/60 -> 0.91666667 | K13: =SUMIFS(Daily!$K$2:$K$91,Daily!$A$2:$A$91,">="&$A13,Daily!$A$2:$A$91,"<="&$B13)/60 -> 0.76666667 | L13: =SUMIFS(Daily!$L$2:$L$91,Daily!$A$2:$A$91,">="&$A13,Daily!$A$2:$A$91,"<="&$B13)/60 -> 4.9666667 | M13: =SUMIFS(Daily!$M$2:$M$91,Daily!$A$2:$A$91,">="&$A13,Daily!$A$2:$A$91,"<="&$B13)/60 -> 3.0833333 | N13: =SUMIFS(Daily!$N$2:$N$91,Daily!$A$2:$A$91,">="&$A13,Daily!$A$2:$A$91,"<="&$B13)/60 -> 0.7 | O13: =SUMIFS(Daily!$O$2:$O$91,Daily!$A$2:$A$91,">="&$A13,Daily!$A$2:$A$91,"<="&$B13)/60 -> 0.36666667 | P13: =SUMIFS(Daily!$P$2:$P$91,Daily!$A$2:$A$91,">="&$A13,Daily!$A$2:$A$91,"<="&$B13)/60 -> 5 | Q13: =IFERROR(AVERAGEIFS(Daily!$Q$2:$Q$91,Daily!$A$2:$A$91,">="&$A13,Daily!$A$2:$A$91,"<="&$B13),"") -> 7.0142857 | R13: =IFERROR(AVERAGEIFS(Daily!$S$2:$S$91,Daily!$A$2:$A$91,">="&$A13,Daily!$A$2:$A$91,"<="&$B13),"") -> 3.1428571 | S13: =IFERROR(AVERAGEIFS(Daily!$U$2:$U$91,Daily!$A$2:$A$91,">="&$A13,Daily!$A$2:$A$91,"<="&$B13),"") -> 3.2857143 | T13: =IFERROR(AVERAGEIFS(Intentions!$J$2:$J$365,Intentions!$B$2:$B$365,">="&$A13,Intentions!$B$2:$B$365,"<="&$B13),"") -> -1.2941176
... A15: 46307 | B15: =A15+6 -> 46313 | C15: =COUNTIFS(Daily!$A$2:$A$91,">="&$A15,Daily!$A$2:$A$91,"<="&$B15,Daily!$C$2:$C$91,"Yes") -> 4 | D15: =IFERROR(C15/COUNTIFS(Daily!$A$2:$A$91,">="&$A15,Daily!$A$2:$A$91,"<="&$B15),"") -> 0.8 | E15: =SUMIFS(Daily!$D$2:$D$91,Daily!$A$2:$A$91,">="&$A15,Daily!$A$2:$A$91,"<="&$B15) -> 18 | F15: =SUMIFS(Daily!$E$2:$E$91,Daily!$A$2:$A$91,">="&$A15,Daily!$A$2:$A$91,"<="&$B15) -> 18 | G15: =SUMIFS(Daily!$F$2:$F$91,Daily!$A$2:$A$91,">="&$A15,Daily!$A$2:$A$91,"<="&$B15) -> 10 | H15: =IF(F15=0,"",SUMIFS(Intentions!$K$2:$K$365,Intentions!$B$2:$B$365,">="&$A15,Intentions!$B$2:$B$365,"<="&$B15)/F15) -> 0.5 | I15: =SUMIFS(Daily!$I$2:$I$91,Daily!$A$2:$A$91,">="&$A15,Daily!$A$2:$A$91,"<="&$B15)/60 -> 9.3 | J15: =SUMIFS(Daily!$J$2:$J$91,Daily!$A$2:$A$91,">="&$A15,Daily!$A$2:$A$91,"<="&$B15)/60 -> 0.81666667 | K15: =SUMIFS(Daily!$K$2:$K$91,Daily!$A$2:$A$91,">="&$A15,Daily!$A$2:$A$91,"<="&$B15)/60 -> 0 | L15: =SUMIFS(Daily!$L$2:$L$91,Daily!$A$2:$A$91,">="&$A15,Daily!$A$2:$A$91,"<="&$B15)/60 -> 7.3666667 | M15: =SUMIFS(Daily!$M$2:$M$91,Daily!$A$2:$A$91,">="&$A15,Daily!$A$2:$A$91,"<="&$B15)/60 -> 0 | N15: =SUMIFS(Daily!$N$2:$N$91,Daily!$A$2:$A$91,">="&$A15,Daily!$A$2:$A$91,"<="&$B15)/60 -> 0 | O15: =SUMIFS(Daily!$O$2:$O$91,Daily!$A$2:$A$91,">="&$A15,Daily!$A$2:$A$91,"<="&$B15)/60 -> 1.1166667 | P15: =SUMIFS(Daily!$P$2:$P$91,Daily!$A$2:$A$91,">="&$A15,Daily!$A$2:$A$91,"<="&$B15)/60 -> 0 | Q15: =IFERROR(AVERAGEIFS(Daily!$Q$2:$Q$91,Daily!$A$2:$A$91,">="&$A15,Daily!$A$2:$A$91,"<="&$B15),"") -> 7.125 | R15: =IFERROR(AVERAGEIFS(Daily!$S$2:$S$91,Daily!$A$2:$A$91,">="&$A15,Daily!$A$2:$A$91,"<="&$B15),"") -> 2.25 | S15: =IFERROR(AVERAGEIFS(Daily!$U$2:$U$91,Daily!$A$2:$A$91,">="&$A15,Daily!$A$2:$A$91,"<="&$B15),"") -> 3.5 | T15: =IFERROR(AVERAGEIFS(Intentions!$J$2:$J$365,Intentions!$B$2:$B$365,">="&$A15,Intentions!$B$2:$B$365,"<="&$B15),"") -> 8.8

Sheet Monthly
A1: Start | B1: End | C1: Days filled in | D1: Consistency | E1: Intentions | F1: Reviewed | G1: Done | H1: Completion rate | I1: Tracked hours | J1: Spiritual (h) | K1: Physical (h) | L1: Studies (h) | M1: Professional (h) | N1: Personal (h) | O1: Relationships (h) | P1: Leisure and creativity (h) | Q1: Average sleep (h) | R1: Average energy | S1: Average mood | T1: Average estimate gap (min)
A2: 46204 | B2: =EOMONTH(A2,0) -> 46234 | C2: =COUNTIFS(Daily!$A$2:$A$91,">="&$A2,Daily!$A$2:$A$91,"<="&$B2,Daily!$C$2:$C$91,"Yes") -> 12 | D2: =IFERROR(C2/COUNTIFS(Daily!$A$2:$A$91,">="&$A2,Daily!$A$2:$A$91,"<="&$B2),"") -> 0.92307692 | E2: =SUMIFS(Daily!$D$2:$D$91,Daily!$A$2:$A$91,">="&$A2,Daily!$A$2:$A$91,"<="&$B2) -> 52 | F2: =SUMIFS(Daily!$E$2:$E$91,Daily!$A$2:$A$91,">="&$A2,Daily!$A$2:$A$91,"<="&$B2) -> 45 | G2: =SUMIFS(Daily!$F$2:$F$91,Daily!$A$2:$A$91,">="&$A2,Daily!$A$2:$A$91,"<="&$B2) -> 23 | H2: =IF(F2=0,"",SUMIFS(Intentions!$K$2:$K$365,Intentions!$B$2:$B$365,">="&$A2,Intentions!$B$2:$B$365,"<="&$B2)/F2) -> 0.46666667 | I2: =SUMIFS(Daily!$I$2:$I$91,Daily!$A$2:$A$91,">="&$A2,Daily!$A$2:$A$91,"<="&$B2)/60 -> 24.083333 | J2: =SUMIFS(Daily!$J$2:$J$91,Daily!$A$2:$A$91,">="&$A2,Daily!$A$2:$A$91,"<="&$B2)/60 -> 1.2333333 | K2: =SUMIFS(Daily!$K$2:$K$91,Daily!$A$2:$A$91,">="&$A2,Daily!$A$2:$A$91,"<="&$B2)/60 -> 1.9666667 | L2: =SUMIFS(Daily!$L$2:$L$91,Daily!$A$2:$A$91,">="&$A2,Daily!$A$2:$A$91,"<="&$B2)/60 -> 12.316667 | M2: =SUMIFS(Daily!$M$2:$M$91,Daily!$A$2:$A$91,">="&$A2,Daily!$A$2:$A$91,"<="&$B2)/60 -> 1.8 | N2: =SUMIFS(Daily!$N$2:$N$91,Daily!$A$2:$A$91,">="&$A2,Daily!$A$2:$A$91,"<="&$B2)/60 -> 0.65 | O2: =SUMIFS(Daily!$O$2:$O$91,Daily!$A$2:$A$91,">="&$A2,Daily!$A$2:$A$91,"<="&$B2)/60 -> 0.61666667 | P2: =SUMIFS(Daily!$P$2:$P$91,Daily!$A$2:$A$91,">="&$A2,Daily!$A$2:$A$91,"<="&$B2)/60 -> 5.5 | Q2: =IFERROR(AVERAGEIFS(Daily!$Q$2:$Q$91,Daily!$A$2:$A$91,">="&$A2,Daily!$A$2:$A$91,"<="&$B2),"") -> 7.2666667 | R2: =IFERROR(AVERAGEIFS(Daily!$S$2:$S$91,Daily!$A$2:$A$91,">="&$A2,Daily!$A$2:$A$91,"<="&$B2),"") -> 3.25 | S2: =IFERROR(AVERAGEIFS(Daily!$U$2:$U$91,Daily!$A$2:$A$91,">="&$A2,Daily!$A$2:$A$91,"<="&$B2),"") -> 3.3333333 | T2: =IFERROR(AVERAGEIFS(Intentions!$J$2:$J$365,Intentions!$B$2:$B$365,">="&$A2,Intentions!$B$2:$B$365,"<="&$B2),"") -> 3.0434783
A3: 46235 | B3: =EOMONTH(A3,0) -> 46265 | C3: =COUNTIFS(Daily!$A$2:$A$91,">="&$A3,Daily!$A$2:$A$91,"<="&$B3,Daily!$C$2:$C$91,"Yes") -> 29 | D3: =IFERROR(C3/COUNTIFS(Daily!$A$2:$A$91,">="&$A3,Daily!$A$2:$A$91,"<="&$B3),"") -> 0.93548387 | E3: =SUMIFS(Daily!$D$2:$D$91,Daily!$A$2:$A$91,">="&$A3,Daily!$A$2:$A$91,"<="&$B3) -> 135 | F3: =SUMIFS(Daily!$E$2:$E$91,Daily!$A$2:$A$91,">="&$A3,Daily!$A$2:$A$91,"<="&$B3) -> 135 | G3: =SUMIFS(Daily!$F$2:$F$91,Daily!$A$2:$A$91,">="&$A3,Daily!$A$2:$A$91,"<="&$B3) -> 61 | H3: =IF(F3=0,"",SUMIFS(Intentions!$K$2:$K$365,Intentions!$B$2:$B$365,">="&$A3,Intentions!$B$2:$B$365,"<="&$B3)/F3) -> 0.44074074 | I3: =SUMIFS(Daily!$I$2:$I$91,Daily!$A$2:$A$91,">="&$A3,Daily!$A$2:$A$91,"<="&$B3)/60 -> 54.05 | J3: =SUMIFS(Daily!$J$2:$J$91,Daily!$A$2:$A$91,">="&$A3,Daily!$A$2:$A$91,"<="&$B3)/60 -> 4.5333333 | K3: =SUMIFS(Daily!$K$2:$K$91,Daily!$A$2:$A$91,">="&$A3,Daily!$A$2:$A$91,"<="&$B3)/60 -> 5.5833333 | L3: =SUMIFS(Daily!$L$2:$L$91,Daily!$A$2:$A$91,">="&$A3,Daily!$A$2:$A$91,"<="&$B3)/60 -> 28.25 | M3: =SUMIFS(Daily!$M$2:$M$91,Daily!$A$2:$A$91,">="&$A3,Daily!$A$2:$A$91,"<="&$B3)/60 -> 4.6833333 | N3: =SUMIFS(Daily!$N$2:$N$91,Daily!$A$2:$A$91,">="&$A3,Daily!$A$2:$A$91,"<="&$B3)/60 -> 1.9 | O3: =SUMIFS(Daily!$O$2:$O$91,Daily!$A$2:$A$91,">="&$A3,Daily!$A$2:$A$91,"<="&$B3)/60 -> 2.65 | P3: =SUMIFS(Daily!$P$2:$P$91,Daily!$A$2:$A$91,">="&$A3,Daily!$A$2:$A$91,"<="&$B3)/60 -> 6.45 | Q3: =IFERROR(AVERAGEIFS(Daily!$Q$2:$Q$91,Daily!$A$2:$A$91,">="&$A3,Daily!$A$2:$A$91,"<="&$B3),"") -> 6.9689655 | R3: =IFERROR(AVERAGEIFS(Daily!$S$2:$S$91,Daily!$A$2:$A$91,">="&$A3,Daily!$A$2:$A$91,"<="&$B3),"") -> 3.137931 | S3: =IFERROR(AVERAGEIFS(Daily!$U$2:$U$91,Daily!$A$2:$A$91,">="&$A3,Daily!$A$2:$A$91,"<="&$B3),"") -> 3.2068966 | T3: =IFERROR(AVERAGEIFS(Intentions!$J$2:$J$365,Intentions!$B$2:$B$365,">="&$A3,Intentions!$B$2:$B$365,"<="&$B3),"") -> 6.7704918
A4: 46266 | B4: =EOMONTH(A4,0) -> 46295 | C4: =COUNTIFS(Daily!$A$2:$A$91,">="&$A4,Daily!$A$2:$A$91,"<="&$B4,Daily!$C$2:$C$91,"Yes") -> 27 | D4: =IFERROR(C4/COUNTIFS(Daily!$A$2:$A$91,">="&$A4,Daily!$A$2:$A$91,"<="&$B4),"") -> 0.9 | E4: =SUMIFS(Daily!$D$2:$D$91,Daily!$A$2:$A$91,">="&$A4,Daily!$A$2:$A$91,"<="&$B4) -> 112 | F4: =SUMIFS(Daily!$E$2:$E$91,Daily!$A$2:$A$91,">="&$A4,Daily!$A$2:$A$91,"<="&$B4) -> 108 | G4: =SUMIFS(Daily!$F$2:$F$91,Daily!$A$2:$A$91,">="&$A4,Daily!$A$2:$A$91,"<="&$B4) -> 51 | H4: =IF(F4=0,"",SUMIFS(Intentions!$K$2:$K$365,Intentions!$B$2:$B$365,">="&$A4,Intentions!$B$2:$B$365,"<="&$B4)/F4) -> 0.43055556 | I4: =SUMIFS(Daily!$I$2:$I$91,Daily!$A$2:$A$91,">="&$A4,Daily!$A$2:$A$91,"<="&$B4)/60 -> 52.716667 | J4: =SUMIFS(Daily!$J$2:$J$91,Daily!$A$2:$A$91,">="&$A4,Daily!$A$2:$A$91,"<="&$B4)/60 -> 4.25 | K4: =SUMIFS(Daily!$K$2:$K$91,Daily!$A$2:$A$91,">="&$A4,Daily!$A$2:$A$91,"<="&$B4)/60 -> 2.3666667 | L4: =SUMIFS(Daily!$L$2:$L$91,Daily!$A$2:$A$91,">="&$A4,Daily!$A$2:$A$91,"<="&$B4)/60 -> 23.866667 | M4: =SUMIFS(Daily!$M$2:$M$91,Daily!$A$2:$A$91,">="&$A4,Daily!$A$2:$A$91,"<="&$B4)/60 -> 3.4333333 | N4: =SUMIFS(Daily!$N$2:$N$91,Daily!$A$2:$A$91,">="&$A4,Daily!$A$2:$A$91,"<="&$B4)/60 -> 2.1666667 | O4: =SUMIFS(Daily!$O$2:$O$91,Daily!$A$2:$A$91,">="&$A4,Daily!$A$2:$A$91,"<="&$B4)/60 -> 0.85 | P4: =SUMIFS(Daily!$P$2:$P$91,Daily!$A$2:$A$91,">="&$A4,Daily!$A$2:$A$91,"<="&$B4)/60 -> 15.783333 | Q4: =IFERROR(AVERAGEIFS(Daily!$Q$2:$Q$91,Daily!$A$2:$A$91,">="&$A4,Daily!$A$2:$A$91,"<="&$B4),"") -> 6.8777778 | R4: =IFERROR(AVERAGEIFS(Daily!$S$2:$S$91,Daily!$A$2:$A$91,">="&$A4,Daily!$A$2:$A$91,"<="&$B4),"") -> 3.0740741 | S4: =IFERROR(AVERAGEIFS(Daily!$U$2:$U$91,Daily!$A$2:$A$91,">="&$A4,Daily!$A$2:$A$91,"<="&$B4),"") -> 3.1851852 | T4: =IFERROR(AVERAGEIFS(Intentions!$J$2:$J$365,Intentions!$B$2:$B$365,">="&$A4,Intentions!$B$2:$B$365,"<="&$B4),"") -> 3.0980392
A5: 46296 | B5: =EOMONTH(A5,0) -> 46326 | C5: =COUNTIFS(Daily!$A$2:$A$91,">="&$A5,Daily!$A$2:$A$91,"<="&$B5,Daily!$C$2:$C$91,"Yes") -> 14 | D5: =IFERROR(C5/COUNTIFS(Daily!$A$2:$A$91,">="&$A5,Daily!$A$2:$A$91,"<="&$B5),"") -> 0.875 | E5: =SUMIFS(Daily!$D$2:$D$91,Daily!$A$2:$A$91,">="&$A5,Daily!$A$2:$A$91,"<="&$B5) -> 65 | F5: =SUMIFS(Daily!$E$2:$E$91,Daily!$A$2:$A$91,">="&$A5,Daily!$A$2:$A$91,"<="&$B5) -> 65 | G5: =SUMIFS(Daily!$F$2:$F$91,Daily!$A$2:$A$91,">="&$A5,Daily!$A$2:$A$91,"<="&$B5) -> 33 | H5: =IF(F5=0,"",SUMIFS(Intentions!$K$2:$K$365,Intentions!$B$2:$B$365,">="&$A5,Intentions!$B$2:$B$365,"<="&$B5)/F5) -> 0.46923077 | I5: =SUMIFS(Daily!$I$2:$I$91,Daily!$A$2:$A$91,">="&$A5,Daily!$A$2:$A$91,"<="&$B5)/60 -> 33.783333 | J5: =SUMIFS(Daily!$J$2:$J$91,Daily!$A$2:$A$91,">="&$A5,Daily!$A$2:$A$91,"<="&$B5)/60 -> 2.85 | K5: =SUMIFS(Daily!$K$2:$K$91,Daily!$A$2:$A$91,">="&$A5,Daily!$A$2:$A$91,"<="&$B5)/60 -> 1.1166667 | L5: =SUMIFS(Daily!$L$2:$L$91,Daily!$A$2:$A$91,">="&$A5,Daily!$A$2:$A$91,"<="&$B5)/60 -> 20.116667 | M5: =SUMIFS(Daily!$M$2:$M$91,Daily!$A$2:$A$91,">="&$A5,Daily!$A$2:$A$91,"<="&$B5)/60 -> 1.5666667 | N5: =SUMIFS(Daily!$N$2:$N$91,Daily!$A$2:$A$91,">="&$A5,Daily!$A$2:$A$91,"<="&$B5)/60 -> 0.65 | O5: =SUMIFS(Daily!$O$2:$O$91,Daily!$A$2:$A$91,">="&$A5,Daily!$A$2:$A$91,"<="&$B5)/60 -> 1.4833333 | P5: =SUMIFS(Daily!$P$2:$P$91,Daily!$A$2:$A$91,">="&$A5,Daily!$A$2:$A$91,"<="&$B5)/60 -> 6 | Q5: =IFERROR(AVERAGEIFS(Daily!$Q$2:$Q$91,Daily!$A$2:$A$91,">="&$A5,Daily!$A$2:$A$91,"<="&$B5),"") -> 6.8 | R5: =IFERROR(AVERAGEIFS(Daily!$S$2:$S$91,Daily!$A$2:$A$91,">="&$A5,Daily!$A$2:$A$91,"<="&$B5),"") -> 2.5714286 | S5: =IFERROR(AVERAGEIFS(Daily!$U$2:$U$91,Daily!$A$2:$A$91,">="&$A5,Daily!$A$2:$A$91,"<="&$B5),"") -> 3.2142857 | T5: =IFERROR(AVERAGEIFS(Intentions!$J$2:$J$365,Intentions!$B$2:$B$365,">="&$A5,Intentions!$B$2:$B$365,"<="&$B5),"") -> 6.1212121

Sheet Intentions
A1: No. | B1: Date | C1: Dimension | D1: Activity type | E1: Intention | F1: Priority | G1: Planned duration (min) | H1: Status | I1: Actual duration (min) | J1: Gap (min) | K1: Completion score | L1: Result | M1: Reason for a gap | N1: Linked goal
A2: 1 | B2: 46222 | C2: Spiritual | D2: Prayer | E2: Temps de prière | F2: High | G2: 15 | H2: Done | I2: 21 | J2: =IF(AND(ISNUMBER(G2),ISNUMBER(I2)),I2-G2,"") -> 6 | K2: =IF(H2="Done",1,IF(H2="Partial",0.5,IF(H2="Planned","",0))) -> 1
A3: 2 | B3: 46222 | C3: Studies | D3: Machine Learning | E3: Étudier le Machine Learning | F3: Low | G3: 60 | H3: Done | I3: 106 | J3: =IF(AND(ISNUMBER(G3),ISNUMBER(I3)),I3-G3,"") -> 46 | K3: =IF(H3="Done",1,IF(H3="Partial",0.5,IF(H3="Planned","",0))) -> 1 | L3: Module terminé | N3: Terminer trois projets de data science publiés sur GitHub
A4: 3 | B4: 46223 | C4: Relationships | D4: Family | E4: Appeler maman | F4: High | G4: 20 | H4: Not done | J4: =IF(AND(ISNUMBER(G4),ISNUMBER(I4)),I4-G4,"") | K4: =IF(H4="Done",1,IF(H4="Partial",0.5,IF(H4="Planned","",0))) -> 0 | M4: réunion qui a débordé
A5: 4 | B5: 46223 | C5: Physical | D5: Walking | E5: Marcher 40 minutes | F5: Normal | G5: 40 | H5: Done | I5: 41 | J5: =IF(AND(ISNUMBER(G5),ISNUMBER(I5)),I5-G5,"") -> 1 | K5: =IF(H5="Done",1,IF(H5="Partial",0.5,IF(H5="Planned","",0))) -> 1
A6: 5 | B6: 46224 | C6: Spiritual | D6: Bible reading | E6: Lire un chapitre de la Bible | F6: High | G6: 20 | H6: Done | I6: 16 | J6: =IF(AND(ISNUMBER(G6),ISNUMBER(I6)),I6-G6,"") -> -4 | K6: =IF(H6="Done",1,IF(H6="Partial",0.5,IF(H6="Planned","",0))) -> 1 | N6: Lire toute la Bible en un an
A7: 6 | B7: 46224 | C7: Studies | D7: Machine Learning | E7: Étudier le Machine Learning | F7: Low | G7: 60 | H7: Done | I7: 79 | J7: =IF(AND(ISNUMBER(G7),ISNUMBER(I7)),I7-G7,"") -> 19 | K7: =IF(H7="Done",1,IF(H7="Partial",0.5,IF(H7="Planned","",0))) -> 1 | N7: Terminer trois projets de data science publiés sur GitHub
A8: 7 | B8: 46224 | C8: Studies | D8: Scientific article | E8: Lire un article scientifique | F8: Normal | G8: 45 | H8: Done | I8: 43 | J8: =IF(AND(ISNUMBER(G8),ISNUMBER(I8)),I8-G8,"") -> -2 | K8: =IF(H8="Done",1,IF(H8="Partial",0.5,IF(H8="Planned","",0))) -> 1
A9: 8 | B9: 46224 | C9: Studies | D9: Python | E9: Travailler sur mon projet Python | F9: Low | G9: 120 | H9: Done | I9: 146 | J9: =IF(AND(ISNUMBER(G9),ISNUMBER(I9)),I9-G9,"") -> 26 | K9: =IF(H9="Done",1,IF(H9="Partial",0.5,IF(H9="Planned","",0))) -> 1 | L9: Exercices terminés | N9: Terminer trois projets de data science publiés sur GitHub
A10: 9 | B10: 46225 | C10: Relationships | D10: Family | E10: Appeler maman | F10: Normal | G10: 20 | H10: Partial | I10: 17 | J10: =IF(AND(ISNUMBER(G10),ISNUMBER(I10)),I10-G10,"") -> -3 | K10: =IF(H10="Done",1,IF(H10="Partial",0.5,IF(H10="Planned","",0))) -> 0.5
A11: 10 | B11: 46225 | C11: Professional | D11: Job applications | E11: Envoyer une candidature | F11: Normal | G11: 45 | H11: Not done | J11: =IF(AND(ISNUMBER(G11),ISNUMBER(I11)),I11-G11,"") | K11: =IF(H11="Done",1,IF(H11="Partial",0.5,IF(H11="Planned","",0))) -> 0 | M11: imprévu familial | N11: Envoyer dix candidatures ciblées
A12: 11 | B12: 46225 | C12: Professional | D12: Portfolio | E12: Améliorer mon portfolio GitHub | F12: Normal | G12: 60 | H12: Partial | I12: 37 | J12: =IF(AND(ISNUMBER(G12),ISNUMBER(I12)),I12-G12,"") -> -23 | K12: =IF(H12="Done",1,IF(H12="Partial",0.5,IF(H12="Planned","",0))) -> 0.5
A13: 12 | B13: 46225 | C13: Studies | D13: Machine Learning | E13: Étudier le Machine Learning | F13: Low | G13: 60 | H13: Not done | J13: =IF(AND(ISNUMBER(G13),ISNUMBER(I13)),I13-G13,"") | K13: =IF(H13="Done",1,IF(H13="Partial",0.5,IF(H13="Planned","",0))) -> 0 | M13: manque de temps | N13: Terminer trois projets de data science publiés sur GitHub
A14: 13 | B14: 46226 | C14: Spiritual | D14: Prayer | E14: Temps de prière | F14: Normal | G14: 15 | H14: Done | I14: 12 | J14: =IF(AND(ISNUMBER(G14),ISNUMBER(I14)),I14-G14,"") -> -3 | K14: =IF(H14="Done",1,IF(H14="Partial",0.5,IF(H14="Planned","",0))) -> 1
A15: 14 | B15: 46226 | C15: Physical | D15: Walking | E15: Marcher 40 minutes | F15: Normal | G15: 40 | H15: Not done | J15: =IF(AND(ISNUMBER(G15),ISNUMBER(I15)),I15-G15,"") | K15: =IF(H15="Done",1,IF(H15="Partial",0.5,IF(H15="Planned","",0))) -> 0 | M15: procrastination
A16: 15 | B16: 46226 | C16: Leisure and creativity | D16: Music | E16: Pratiquer la guitare | F16: Normal | G16: 30 | H16: Postponed | J16: =IF(AND(ISNUMBER(G16),ISNUMBER(I16)),I16-G16,"") | K16: =IF(H16="Done",1,IF(H16="Partial",0.5,IF(H16="Planned","",0))) -> 0 | M16: manque de temps
A17: 16 | B17: 46226 | C17: Personal | D17: Finances | E17: Faire le point sur mon budget | F17: Low | G17: 30 | H17: Not done | J17: =IF(AND(ISNUMBER(G17),ISNUMBER(I17)),I17-G17,"") | K17: =IF(H17="Done",1,IF(H17="Partial",0.5,IF(H17="Planned","",0))) -> 0 | M17: fatigue
A18: 17 | B18: 46226 | C18: Studies | D18: Machine Learning | E18: Étudier le Machine Learning | F18: High | G18: 60 | H18: Dropped | J18: =IF(AND(ISNUMBER(G18),ISNUMBER(I18)),I18-G18,"") | K18: =IF(H18="Done",1,IF(H18="Partial",0.5,IF(H18="Planned","",0))) -> 0 | M18: réunion qui a débordé | N18: Terminer trois projets de data science publiés sur GitHub
A19: 18 | B19: 46226 | C19: Spiritual | D19: Bible reading | E19: Lire un chapitre de la Bible | F19: Low | G19: 20 | H19: Done | I19: 25 | J19: =IF(AND(ISNUMBER(G19),ISNUMBER(I19)),I19-G19,"") -> 5 | K19: =IF(H19="Done",1,IF(H19="Partial",0.5,IF(H19="Planned","",0))) -> 1 | N19: Lire toute la Bible en un an
A20: 19 | B20: 46227 | C20: Spiritual | D20: Bible reading | E20: Lire un chapitre de la Bible | F20: Low | G20: 20 | H20: Not done | J20: =IF(AND(ISNUMBER(G20),ISNUMBER(I20)),I20-G20,"") | K20: =IF(H20="Done",1,IF(H20="Partial",0.5,IF(H20="Planned","",0))) -> 0 | M20: réunion qui a débordé | N20: Lire toute la Bible en un an
A21: 20 | B21: 46227 | C21: Spiritual | D21: Prayer | E21: Temps de prière | F21: High | G21: 15 | H21: Dropped | J21: =IF(AND(ISNUMBER(G21),ISNUMBER(I21)),I21-G21,"") | K21: =IF(H21="Done",1,IF(H21="Partial",0.5,IF(H21="Planned","",0))) -> 0 | M21: trop d'objectifs dans la journée
A22: 21 | B22: 46227 | C22: Physical | D22: Walking | E22: Marcher 40 minutes | F22: Low | G22: 40 | H22: Done | I22: 46 | J22: =IF(AND(ISNUMBER(G22),ISNUMBER(I22)),I22-G22,"") -> 6 | K22: =IF(H22="Done",1,IF(H22="Partial",0.5,IF(H22="Planned","",0))) -> 1
A23: 22 | B23: 46227 | C23: Physical | D23: Sport | E23: Faire 30 minutes de sport | F23: Low | G23: 30 | H23: Done | I23: 31 | J23: =IF(AND(ISNUMBER(G23),ISNUMBER(I23)),I23-G23,"") -> 1 | K23: =IF(H23="Done",1,IF(H23="Partial",0.5,IF(H23="Planned","",0))) -> 1 | N23: Faire du sport trois fois par semaine
A24: 23 | B24: 46227 | C24: Studies | D24: Scientific article | E24: Lire un article scientifique | F24: High | G24: 45 | H24: Done | I24: 57 | J24: =IF(AND(ISNUMBER(G24),ISNUMBER(I24)),I24-G24,"") -> 12 | K24: =IF(H24="Done",1,IF(H24="Partial",0.5,IF(H24="Planned","",0))) -> 1
A25: 24 | B25: 46227 | C25: Studies | D25: Statistics | E25: Réviser les statistiques | F25: High | G25: 60 | H25: Not done | J25: =IF(AND(ISNUMBER(G25),ISNUMBER(I25)),I25-G25,"") | K25: =IF(H25="Done",1,IF(H25="Partial",0.5,IF(H25="Planned","",0))) -> 0 | M25: trop d'objectifs dans la journée
A26: 25 | B26: 46227 | C26: Studies | D26: Machine Learning | E26: Étudier le Machine Learning | F26: Normal | G26: 60 | H26: Done | I26: 42 | J26: =IF(AND(ISNUMBER(G26),ISNUMBER(I26)),I26-G26,"") -> -18 | K26: =IF(H26="Done",1,IF(H26="Partial",0.5,IF(H26="Planned","",0))) -> 1 | N26: Terminer trois projets de data science publiés sur GitHub
A27: 26 | B27: 46228 | C27: Professional | D27: Portfolio | E27: Améliorer mon portfolio GitHub | F27: Normal | G27: 60 | H27: Not done | J27: =IF(AND(ISNUMBER(G27),ISNUMBER(I27)),I27-G27,"") | K27: =IF(H27="Done",1,IF(H27="Partial",0.5,IF(H27="Planned","",0))) -> 0 | M27: imprévu familial
A28: 27 | B28: 46228 | C28: Personal | D28: Finances | E28: Faire le point sur mon budget | F28: Normal | G28: 30 | H28: Done | I28: 39 | J28: =IF(AND(ISNUMBER(G28),ISNUMBER(I28)),I28-G28,"") -> 9 | K28: =IF(H28="Done",1,IF(H28="Partial",0.5,IF(H28="Planned","",0))) -> 1
A29: 28 | B29: 46228 | C29: Spiritual | D29: Prayer | E29: Temps de prière | F29: High | G29: 15 | H29: Dropped | J29: =IF(AND(ISNUMBER(G29),ISNUMBER(I29)),I29-G29,"") | K29: =IF(H29="Done",1,IF(H29="Partial",0.5,IF(H29="Planned","",0))) -> 0 | M29: fatigue
A30: 29 | B30: 46228 | C30: Relationships | D30: Family | E30: Appeler maman | F30: Normal | G30: 20 | H30: Done | I30: 20 | J30: =IF(AND(ISNUMBER(G30),ISNUMBER(I30)),I30-G30,"") -> 0 | K30: =IF(H30="Done",1,IF(H30="Partial",0.5,IF(H30="Planned","",0))) -> 1
A31: 30 | B31: 46228 | C31: Professional | D31: Job applications | E31: Envoyer une candidature | F31: Normal | G31: 45 | H31: Done | I31: 71 | J31: =IF(AND(ISNUMBER(G31),ISNUMBER(I31)),I31-G31,"") -> 26 | K31: =IF(H31="Done",1,IF(H31="Partial",0.5,IF(H31="Planned","",0))) -> 1 | N31: Envoyer dix candidatures ciblées
A32: 31 | B32: 46228 | C32: Studies | D32: Machine Learning | E32: Étudier le Machine Learning | F32: High | G32: 60 | H32: Partial | I32: 43 | J32: =IF(AND(ISNUMBER(G32),ISNUMBER(I32)),I32-G32,"") -> -17 | K32: =IF(H32="Done",1,IF(H32="Partial",0.5,IF(H32="Planned","",0))) -> 0.5 | N32: Terminer trois projets de data science publiés sur GitHub
A33: 32 | B33: 46230 | C33: Studies | D33: Machine Learning | E33: Étudier le Machine Learning | F33: Normal | G33: 60 | H33: Dropped | J33: =IF(AND(ISNUMBER(G33),ISNUMBER(I33)),I33-G33,"") | K33: =IF(H33="Done",1,IF(H33="Partial",0.5,IF(H33="Planned","",0))) -> 0 | M33: trop d'objectifs dans la journée | N33: Terminer trois projets de data science publiés sur GitHub
A34: 33 | B34: 46230 | C34: Physical | D34: Walking | E34: Marcher 40 minutes | F34: Low | G34: 40 | H34: Not done | J34: =IF(AND(ISNUMBER(G34),ISNUMBER(I34)),I34-G34,"") | K34: =IF(H34="Done",1,IF(H34="Partial",0.5,IF(H34="Planned","",0))) -> 0 | M34: manque de temps
A35: 34 | B35: 46231 | C35: Studies | D35: Statistics | E35: Réviser les statistiques | F35: Low | G35: 60 | H35: Done | I35: 49 | J35: =IF(AND(ISNUMBER(G35),ISNUMBER(I35)),I35-G35,"") -> -11 | K35: =IF(H35="Done",1,IF(H35="Partial",0.5,IF(H35="Planned","",0))) -> 1 | L35: Exercices terminés
A36: 35 | B36: 46231 | C36: Studies | D36: Machine Learning | E36: Étudier le Machine Learning | F36: Normal | G36: 60 | H36: Done | I36: 75 | J36: =IF(AND(ISNUMBER(G36),ISNUMBER(I36)),I36-G36,"") -> 15 | K36: =IF(H36="Done",1,IF(H36="Partial",0.5,IF(H36="Planned","",0))) -> 1 | L36: Exercices terminés | N36: Terminer trois projets de data science publiés sur GitHub
A37: 36 | B37: 46232 | C37: Relationships | D37: Family | E37: Appeler maman | F37: Normal | G37: 20 | H37: Not done | J37: =IF(AND(ISNUMBER(G37),ISNUMBER(I37)),I37-G37,"") | K37: =IF(H37="Done",1,IF(H37="Partial",0.5,IF(H37="Planned","",0))) -> 0 | M37: imprévu familial
A38: 37 | B38: 46232 | C38: Leisure and creativity | D38: Music | E38: Pratiquer la guitare | F38: Normal | G38: 30 | H38: Dropped | J38: =IF(AND(ISNUMBER(G38),ISNUMBER(I38)),I38-G38,"") | K38: =IF(H38="Done",1,IF(H38="Partial",0.5,IF(H38="Planned","",0))) -> 0 | M38: fatigue
A39: 38 | B39: 46232 | C39: Personal | D39: Finances | E39: Faire le point sur mon budget | F39: Normal | G39: 30 | H39: Not done | J39: =IF(AND(ISNUMBER(G39),ISNUMBER(I39)),I39-G39,"") | K39: =IF(H39="Done",1,IF(H39="Partial",0.5,IF(H39="Planned","",0))) -> 0 | M39: fatigue
A40: 39 | B40: 46232 | C40: Physical | D40: Walking | E40: Marcher 40 minutes | F40: Low | G40: 40 | H40: Not done | J40: =IF(AND(ISNUMBER(G40),ISNUMBER(I40)),I40-G40,"") | K40: =IF(H40="Done",1,IF(H40="Partial",0.5,IF(H40="Planned","",0))) -> 0 | M40: imprévu familial
A41: 40 | B41: 46232 | C41: Studies | D41: Machine Learning | E41: Étudier le Machine Learning | F41: Low | G41: 60 | H41: Not done | J41: =IF(AND(ISNUMBER(G41),ISNUMBER(I41)),I41-G41,"") | K41: =IF(H41="Done",1,IF(H41="Partial",0.5,IF(H41="Planned","",0))) -> 0 | M41: fatigue | N41: Terminer trois projets de data science publiés sur GitHub
A42: 41 | B42: 46232 | C42: Studies | D42: Scientific article | E42: Lire un article scientifique | F42: Normal | G42: 45 | H42: Dropped | J42: =IF(AND(ISNUMBER(G42),ISNUMBER(I42)),I42-G42,"") | K42: =IF(H42="Done",1,IF(H42="Partial",0.5,IF(H42="Planned","",0))) -> 0 | M42: fatigue
A43: 42 | B43: 46232 | C43: Spiritual | D43: Bible reading | E43: Lire un chapitre de la Bible | F43: Low | G43: 20 | H43: Postponed | J43: =IF(AND(ISNUMBER(G43),ISNUMBER(I43)),I43-G43,"") | K43: =IF(H43="Done",1,IF(H43="Partial",0.5,IF(H43="Planned","",0))) -> 0 | M43: trop d'objectifs dans la journée | N43: Lire toute la Bible en un an
A44: 43 | B44: 46233 | C44: Studies | D44: Statistics | E44: Réviser les statistiques | F44: Low | G44: 60 | H44: Partial | I44: 30 | J44: =IF(AND(ISNUMBER(G44),ISNUMBER(I44)),I44-G44,"") -> -30 | K44: =IF(H44="Done",1,IF(H44="Partial",0.5,IF(H44="Planned","",0))) -> 0.5
A45: 44 | B45: 46233 | C45: Studies | D45: Scientific article | E45: Lire un article scientifique | F45: High | G45: 45 | H45: Not done | J45: =IF(AND(ISNUMBER(G45),ISNUMBER(I45)),I45-G45,"") | K45: =IF(H45="Done",1,IF(H45="Partial",0.5,IF(H45="Planned","",0))) -> 0 | M45: manque de temps
A46: 45 | B46: 46233 | C46: Studies | D46: Machine Learning | E46: Étudier le Machine Learning | F46: Low | G46: 60 | H46: Done | I46: 69 | J46: =IF(AND(ISNUMBER(G46),ISNUMBER(I46)),I46-G46,"") -> 9 | K46: =IF(H46="Done",1,IF(H46="Partial",0.5,IF(H46="Planned","",0))) -> 1 | N46: Terminer trois projets de data science publiés sur GitHub
A47: 46 | B47: 46234 | C47: Studies | D47: Statistics | E47: Réviser les statistiques | F47: Normal | G47: 60 | H47: Planned | J47: =IF(AND(ISNUMBER(G47),ISNUMBER(I47)),I47-G47,"") | K47: =IF(H47="Done",1,IF(H47="Partial",0.5,IF(H47="Planned","",0)))
A48: 47 | B48: 46234 | C48: Relationships | D48: Family | E48: Appeler maman | F48: Normal | G48: 20 | H48: Planned | J48: =IF(AND(ISNUMBER(G48),ISNUMBER(I48)),I48-G48,"") | K48: =IF(H48="Done",1,IF(H48="Partial",0.5,IF(H48="Planned","",0)))
A49: 48 | B49: 46234 | C49: Physical | D49: Walking | E49: Marcher 40 minutes | F49: Low | G49: 40 | H49: Planned | J49: =IF(AND(ISNUMBER(G49),ISNUMBER(I49)),I49-G49,"") | K49: =IF(H49="Done",1,IF(H49="Partial",0.5,IF(H49="Planned","",0)))
A50: 49 | B50: 46234 | C50: Studies | D50: Python | E50: Travailler sur mon projet Python | F50: Low | G50: 120 | H50: Planned | J50: =IF(AND(ISNUMBER(G50),ISNUMBER(I50)),I50-G50,"") | K50: =IF(H50="Done",1,IF(H50="Partial",0.5,IF(H50="Planned","",0))) | N50: Terminer trois projets de data science publiés sur GitHub
A51: 50 | B51: 46234 | C51: Personal | D51: Finances | E51: Faire le point sur mon budget | F51: Low | G51: 30 | H51: Planned | J51: =IF(AND(ISNUMBER(G51),ISNUMBER(I51)),I51-G51,"") | K51: =IF(H51="Done",1,IF(H51="Partial",0.5,IF(H51="Planned","",0)))
A52: 51 | B52: 46234 | C52: Spiritual | D52: Prayer | E52: Temps de prière | F52: Low | G52: 15 | H52: Planned | J52: =IF(AND(ISNUMBER(G52),ISNUMBER(I52)),I52-G52,"") | K52: =IF(H52="Done",1,IF(H52="Partial",0.5,IF(H52="Planned","",0)))
A53: 52 | B53: 46234 | C53: Studies | D53: Machine Learning | E53: Étudier le Machine Learning | F53: Normal | G53: 60 | H53: Planned | J53: =IF(AND(ISNUMBER(G53),ISNUMBER(I53)),I53-G53,"") | K53: =IF(H53="Done",1,IF(H53="Partial",0.5,IF(H53="Planned","",0))) | N53: Terminer trois projets de data science publiés sur GitHub
A54: 53 | B54: 46235 | C54: Physical | D54: Sport | E54: Faire 30 minutes de sport | F54: Low | G54: 30 | H54: Done | I54: 34 | J54: =IF(AND(ISNUMBER(G54),ISNUMBER(I54)),I54-G54,"") -> 4 | K54: =IF(H54="Done",1,IF(H54="Partial",0.5,IF(H54="Planned","",0))) -> 1 | N54: Faire du sport trois fois par semaine
A55: 54 | B55: 46235 | C55: Spiritual | D55: Bible reading | E55: Lire un chapitre de la Bible | F55: Low | G55: 20 | H55: Done | I55: 17 | J55: =IF(AND(ISNUMBER(G55),ISNUMBER(I55)),I55-G55,"") -> -3 | K55: =IF(H55="Done",1,IF(H55="Partial",0.5,IF(H55="Planned","",0))) -> 1 | N55: Lire toute la Bible en un an
A56: 55 | B56: 46235 | C56: Studies | D56: Python | E56: Travailler sur mon projet Python | F56: High | G56: 120 | H56: Not done | J56: =IF(AND(ISNUMBER(G56),ISNUMBER(I56)),I56-G56,"") | K56: =IF(H56="Done",1,IF(H56="Partial",0.5,IF(H56="Planned","",0))) -> 0 | M56: manque de temps | N56: Terminer trois projets de data science publiés sur GitHub
A57: 56 | B57: 46235 | C57: Studies | D57: Scientific article | E57: Lire un article scientifique | F57: High | G57: 45 | H57: Not done | J57: =IF(AND(ISNUMBER(G57),ISNUMBER(I57)),I57-G57,"") | K57: =IF(H57="Done",1,IF(H57="Partial",0.5,IF(H57="Planned","",0))) -> 0 | M57: manque de temps
A58: 57 | B58: 46235 | C58: Studies | D58: Machine Learning | E58: Étudier le Machine Learning | F58: Low | G58: 60 | H58: Not done | J58: =IF(AND(ISNUMBER(G58),ISNUMBER(I58)),I58-G58,"") | K58: =IF(H58="Done",1,IF(H58="Partial",0.5,IF(H58="Planned","",0))) -> 0 | M58: réunion qui a débordé | N58: Terminer trois projets de data science publiés sur GitHub
